map_name,map_id_hex,width,height,area_type,parent_area
AGATHAS_ROOM,0xF7,10,12,indoor,
BIKE_SHOP,0x42,8,8,indoor,
BILLS_HOUSE,0x58,8,8,indoor,
BRUNOS_ROOM,0xF6,10,12,indoor,
CELADON_CHIEF_HOUSE,0x8B,8,8,indoor,CELADON_CITY
CELADON_CITY,0x06,50,36,city,
CELADON_DINER,0x8A,10,8,indoor,CELADON_CITY
CELADON_GYM,0x86,10,18,indoor,CELADON_CITY
CELADON_HOTEL,0x8C,14,8,indoor,CELADON_CITY
CELADON_MANSION_1F,0x80,8,12,indoor,CELADON_CITY
CELADON_MANSION_2F,0x81,8,12,indoor,CELADON_CITY
CELADON_MANSION_3F,0x82,8,12,indoor,CELADON_CITY
CELADON_MANSION_ROOF,0x83,8,12,indoor,CELADON_CITY
CELADON_MANSION_ROOF_HOUSE,0x84,8,8,indoor,CELADON_CITY
CELADON_MART_1F,0x7A,20,8,indoor,CELADON_CITY
CELADON_MART_2F,0x7B,20,8,indoor,CELADON_CITY
CELADON_MART_3F,0x7C,20,8,indoor,CELADON_CITY
CELADON_MART_4F,0x7D,20,8,indoor,CELADON_CITY
CELADON_MART_5F,0x88,20,8,indoor,CELADON_CITY
CELADON_MART_ELEVATOR,0x7F,4,4,indoor,CELADON_CITY
CELADON_MART_ROOF,0x7E,20,8,indoor,CELADON_CITY
CELADON_POKECENTER,0x85,14,8,indoor,CELADON_CITY
CERULEAN_BADGE_HOUSE,0xE6,8,8,indoor,CERULEAN_CITY
CERULEAN_CAVE_1F,0xE4,30,18,dungeon,
CERULEAN_CAVE_2F,0xE2,30,18,dungeon,
CERULEAN_CAVE_B1F,0xE3,30,18,dungeon,
CERULEAN_CITY,0x03,40,36,city,
CERULEAN_GYM,0x41,10,14,indoor,CERULEAN_CITY
CERULEAN_MART,0x43,8,8,indoor,CERULEAN_CITY
CERULEAN_POKECENTER,0x40,14,8,indoor,CERULEAN_CITY
CERULEAN_TRASHED_HOUSE,0x3E,8,8,indoor,CERULEAN_CITY
CHAMPIONS_ROOM,0x78,8,8,indoor,
CINNABAR_GYM,0xA6,20,18,indoor,CINNABAR_ISLAND
CINNABAR_ISLAND,0x08,20,18,city,
CINNABAR_LAB,0xA7,18,8,indoor,CINNABAR_ISLAND
CINNABAR_LAB_FOSSIL_ROOM,0xAA,8,8,indoor,CINNABAR_ISLAND
CINNABAR_LAB_METRONOME_ROOM,0xA9,8,8,indoor,CINNABAR_ISLAND
CINNABAR_LAB_TRADE_ROOM,0xA8,8,8,indoor,CINNABAR_ISLAND
CINNABAR_MART,0xAC,8,8,indoor,CINNABAR_ISLAND
CINNABAR_POKECENTER,0xAB,14,8,indoor,CINNABAR_ISLAND
COLOSSEUM,0xF0,10,8,indoor,
COPYCATS_HOUSE_1F,0xAF,8,8,indoor,
COPYCATS_HOUSE_2F,0xB0,8,8,indoor,
DAYCARE,0x48,8,8,indoor,
DIGLETTS_CAVE,0xC5,40,36,dungeon,
DIGLETTS_CAVE_ROUTE_11,0x55,8,8,route,
DIGLETTS_CAVE_ROUTE_2,0x2E,8,8,route,
FIGHTING_DOJO,0xB1,10,12,indoor,
FUCHSIA_BILLS_GRANDPAS_HOUSE,0x99,8,8,indoor,FUCHSIA_CITY
FUCHSIA_CITY,0x07,40,36,city,
FUCHSIA_GOOD_ROD_HOUSE,0xA4,8,8,indoor,FUCHSIA_CITY
FUCHSIA_GYM,0x9D,10,18,indoor,FUCHSIA_CITY
FUCHSIA_MART,0x98,8,8,indoor,FUCHSIA_CITY
FUCHSIA_MEETING_ROOM,0x9E,14,8,indoor,FUCHSIA_CITY
FUCHSIA_POKECENTER,0x9A,14,8,indoor,FUCHSIA_CITY
GAME_CORNER,0x87,20,18,indoor,
GAME_CORNER_PRIZE_ROOM,0x89,10,8,indoor,
HALL_OF_FAME,0x76,10,8,indoor,
INDIGO_PLATEAU,0x09,20,18,city,
INDIGO_PLATEAU_LOBBY,0xAE,16,12,indoor,INDIGO_PLATEAU
LANCES_ROOM,0x71,26,26,indoor,
LAVENDER_CUBONE_HOUSE,0x97,8,8,indoor,LAVENDER_TOWN
LAVENDER_MART,0x96,8,8,indoor,LAVENDER_TOWN
LAVENDER_POKECENTER,0x8D,14,8,indoor,LAVENDER_TOWN
LAVENDER_TOWN,0x04,20,18,town,
LORELEIS_ROOM,0xF5,10,12,indoor,
MR_FUJIS_HOUSE,0x95,8,8,indoor,
MR_PSYCHICS_HOUSE,0xB7,8,8,indoor,
MT_MOON_1F,0x3B,40,36,dungeon,
MT_MOON_B1F,0x3C,28,28,dungeon,
MT_MOON_B2F,0x3D,40,36,dungeon,
MT_MOON_POKECENTER,0x44,14,8,dungeon,
MUSEUM_1F,0x34,20,8,indoor,
MUSEUM_2F,0x35,14,8,indoor,
NAME_RATERS_HOUSE,0xE5,8,8,indoor,
OAKS_LAB,0x28,10,12,indoor,
PALLET_TOWN,0x00,20,18,town,
PEWTER_CITY,0x02,40,36,city,
PEWTER_GYM,0x36,10,14,indoor,PEWTER_CITY
PEWTER_MART,0x38,8,8,indoor,PEWTER_CITY
PEWTER_NIDORAN_HOUSE,0x37,8,8,indoor,PEWTER_CITY
PEWTER_POKECENTER,0x3A,14,8,indoor,PEWTER_CITY
PEWTER_SPEECH_HOUSE,0x39,8,8,indoor,PEWTER_CITY
PLAYERS_HOUSE_1F,0x25,8,8,indoor,
PLAYERS_HOUSE_2F,0x26,8,8,indoor,
POKEMON_FAN_CLUB,0x5A,8,8,indoor,
POKEMON_MANSION_1F,0xA5,30,28,indoor,
POKEMON_MANSION_2F,0xD6,30,28,indoor,
POKEMON_MANSION_3F,0xD7,30,18,indoor,
POKEMON_MANSION_B1F,0xD8,30,28,indoor,
POKEMON_TOWER_1F,0x8E,20,18,indoor,
POKEMON_TOWER_2F,0x8F,20,18,indoor,
POKEMON_TOWER_3F,0x90,20,18,indoor,
POKEMON_TOWER_4F,0x91,20,18,indoor,
POKEMON_TOWER_5F,0x92,20,18,indoor,
POKEMON_TOWER_6F,0x93,20,18,indoor,
POKEMON_TOWER_7F,0x94,20,18,indoor,
POWER_PLANT,0x53,40,36,dungeon,
RIVALS_HOUSE,0x27,8,8,indoor,
ROCKET_HIDEOUT_B1F,0xC7,30,28,indoor,
ROCKET_HIDEOUT_B2F,0xC8,30,28,indoor,
ROCKET_HIDEOUT_B3F,0xC9,30,28,indoor,
ROCKET_HIDEOUT_B4F,0xCA,30,24,indoor,
ROCKET_HIDEOUT_ELEVATOR,0xCB,6,8,indoor,
ROCK_TUNNEL_1F,0x52,40,36,dungeon,
ROCK_TUNNEL_B1F,0xE8,40,36,dungeon,
ROCK_TUNNEL_POKECENTER,0x51,14,8,dungeon,
ROUTE_1,0x0C,20,36,route,
ROUTE_10,0x15,20,72,route,
ROUTE_11,0x16,60,18,route,
ROUTE_11_GATE_1F,0x54,8,10,gate,
ROUTE_11_GATE_2F,0x56,8,8,gate,
ROUTE_12,0x17,20,108,route,
ROUTE_12_GATE_1F,0x57,10,8,gate,
ROUTE_12_GATE_2F,0xC3,8,8,gate,
ROUTE_12_SUPER_ROD_HOUSE,0xBD,8,8,indoor,
ROUTE_13,0x18,60,18,route,
ROUTE_14,0x19,20,54,route,
ROUTE_15,0x1A,60,18,route,
ROUTE_15_GATE_1F,0xB8,8,10,gate,
ROUTE_15_GATE_2F,0xB9,8,8,gate,
ROUTE_16,0x1B,40,18,route,
ROUTE_16_FLY_HOUSE,0xBC,8,8,indoor,
ROUTE_16_GATE_1F,0xBA,8,14,gate,
ROUTE_16_GATE_2F,0xBB,8,8,gate,
ROUTE_17,0x1C,20,144,route,
ROUTE_18,0x1D,50,18,route,
ROUTE_18_GATE_1F,0xBE,8,10,gate,
ROUTE_18_GATE_2F,0xBF,8,8,gate,
ROUTE_19,0x1E,20,54,route,
ROUTE_2,0x0D,20,72,route,
ROUTE_20,0x1F,100,18,route,
ROUTE_21,0x20,20,90,route,
ROUTE_22,0x21,40,18,route,
ROUTE_22_GATE,0xC1,10,8,gate,
ROUTE_23,0x22,20,144,route,
ROUTE_24,0x23,20,36,route,
ROUTE_25,0x24,60,18,route,
ROUTE_2_GATE,0x31,10,8,gate,
ROUTE_2_TRADE_HOUSE,0x30,8,8,indoor,
ROUTE_3,0x0E,70,18,route,
ROUTE_4,0x0F,90,18,route,
ROUTE_5,0x10,20,36,route,
ROUTE_5_GATE,0x46,8,6,gate,
ROUTE_6,0x11,20,36,route,
ROUTE_6_GATE,0x49,8,6,gate,
ROUTE_7,0x12,20,18,route,
ROUTE_7_GATE,0x4C,6,8,gate,
ROUTE_8,0x13,60,18,route,
ROUTE_8_GATE,0x4F,6,8,gate,
ROUTE_9,0x14,60,18,route,
SAFARI_ZONE_CENTER,0xDC,30,26,route,
SAFARI_ZONE_CENTER_REST_HOUSE,0xDD,8,8,indoor,
SAFARI_ZONE_EAST,0xD9,30,26,route,
SAFARI_ZONE_EAST_REST_HOUSE,0xE0,8,8,indoor,
SAFARI_ZONE_GATE,0x9C,8,6,gate,
SAFARI_ZONE_NORTH,0xDA,40,36,route,
SAFARI_ZONE_NORTH_REST_HOUSE,0xE1,8,8,indoor,
SAFARI_ZONE_SECRET_HOUSE,0xDE,8,8,indoor,
SAFARI_ZONE_WEST,0xDB,30,26,route,
SAFARI_ZONE_WEST_REST_HOUSE,0xDF,8,8,indoor,
SAFFRON_CITY,0x0A,40,36,city,
SAFFRON_GYM,0xB2,20,18,indoor,SAFFRON_CITY
SAFFRON_MART,0xB4,8,8,indoor,SAFFRON_CITY
SAFFRON_PIDGEY_HOUSE,0xB3,8,8,indoor,SAFFRON_CITY
SAFFRON_POKECENTER,0xB6,14,8,indoor,SAFFRON_CITY
SEAFOAM_ISLANDS_1F,0xC0,30,18,indoor,
SEAFOAM_ISLANDS_B1F,0x9F,30,18,indoor,
SEAFOAM_ISLANDS_B2F,0xA0,30,18,indoor,
SEAFOAM_ISLANDS_B3F,0xA1,30,18,indoor,
SEAFOAM_ISLANDS_B4F,0xA2,30,18,indoor,
SILPH_CO_10F,0xEA,16,18,indoor,
SILPH_CO_11F,0xEB,18,18,indoor,
SILPH_CO_1F,0xB5,30,18,indoor,
SILPH_CO_2F,0xCF,30,18,indoor,
SILPH_CO_3F,0xD0,30,18,indoor,
SILPH_CO_4F,0xD1,30,18,indoor,
SILPH_CO_5F,0xD2,30,18,indoor,
SILPH_CO_6F,0xD3,26,18,indoor,
SILPH_CO_7F,0xD4,26,18,indoor,
SILPH_CO_8F,0xD5,26,18,indoor,
SILPH_CO_9F,0xE9,26,18,indoor,
SILPH_CO_ELEVATOR,0xEC,4,4,indoor,
SS_ANNE_1F,0x5F,40,18,indoor,
SS_ANNE_1F_ROOMS,0x66,24,16,indoor,
SS_ANNE_2F,0x60,40,18,indoor,
SS_ANNE_2F_ROOMS,0x67,24,16,indoor,
SS_ANNE_3F,0x61,20,6,indoor,
SS_ANNE_B1F,0x62,30,8,indoor,
SS_ANNE_B1F_ROOMS,0x68,24,16,indoor,
SS_ANNE_BOW,0x63,20,14,indoor,
SS_ANNE_CAPTAINS_ROOM,0x65,6,8,indoor,
SS_ANNE_KITCHEN,0x64,14,16,indoor,
SUMMER_BEACH_HOUSE,0xF8,14,8,indoor,
TRADE_CENTER,0xEF,10,8,indoor,
UNDERGROUND_PATH_NORTH_SOUTH,0x77,8,46,indoor,
UNDERGROUND_PATH_ROUTE_5,0x47,8,8,route,
UNDERGROUND_PATH_ROUTE_6,0x4A,8,8,route,
UNDERGROUND_PATH_ROUTE_7,0x4D,8,8,route,
UNDERGROUND_PATH_ROUTE_8,0x50,8,8,route,
UNDERGROUND_PATH_WEST_EAST,0x79,50,8,indoor,
VERMILION_CITY,0x05,40,36,city,
VERMILION_DOCK,0x5E,28,12,indoor,VERMILION_CITY
VERMILION_GYM,0x5C,10,18,indoor,VERMILION_CITY
VERMILION_MART,0x5B,8,8,indoor,VERMILION_CITY
VERMILION_OLD_ROD_HOUSE,0xA3,8,8,indoor,VERMILION_CITY
VERMILION_PIDGEY_HOUSE,0x5D,8,8,indoor,VERMILION_CITY
VERMILION_POKECENTER,0x59,14,8,indoor,VERMILION_CITY
VERMILION_TRADE_HOUSE,0xC4,8,8,indoor,VERMILION_CITY
VICTORY_ROAD_1F,0x6C,20,18,dungeon,
VICTORY_ROAD_2F,0xC2,30,18,dungeon,
VICTORY_ROAD_3F,0xC6,30,18,dungeon,
VIRIDIAN_CITY,0x01,40,36,city,
VIRIDIAN_FOREST,0x33,34,48,dungeon,
VIRIDIAN_FOREST_NORTH_GATE,0x2F,10,8,gate,
VIRIDIAN_FOREST_SOUTH_GATE,0x32,10,8,gate,
VIRIDIAN_GYM,0x2D,20,18,indoor,VIRIDIAN_CITY
VIRIDIAN_MART,0x2A,8,8,indoor,VIRIDIAN_CITY
VIRIDIAN_NICKNAME_HOUSE,0x2C,8,8,indoor,VIRIDIAN_CITY
VIRIDIAN_POKECENTER,0x29,14,8,indoor,VIRIDIAN_CITY
VIRIDIAN_SCHOOL_HOUSE,0x2B,8,8,indoor,VIRIDIAN_CITY
WARDENS_HOUSE,0x9B,10,8,indoor,
