map,level,pokemon,area,encounter_probability,available_from_order
OAKS_LAB,5,Pikachu,Gift,1,
ROUTE_1,3,Pidgey,Grass,0.199,
ROUTE_1,4,Pidgey,Grass,0.199,
ROUTE_1,2,Rattata,Grass,0.152,
ROUTE_1,3,Rattata,Grass,0.098,
ROUTE_1,2,Pidgey,Grass,0.098,
ROUTE_1,3,Pidgey,Grass,0.098,
ROUTE_1,5,Pidgey,Grass,0.051,
ROUTE_1,4,Rattata,Grass,0.051,
ROUTE_1,5,Spearow,Grass,0.043,
ROUTE_1,6,Spearow,Grass,0.012,
ROUTE_2,5,Rattata,Grass,0.199,
ROUTE_2,5,Pidgey,Grass,0.199,
ROUTE_2,6,Nidoran-f,Grass,0.152,
ROUTE_2,6,Nidoran-m,Grass,0.098,
ROUTE_2,5,Vulpix,Grass,0.098,
ROUTE_2,6,Pidgey,Grass,0.098,
ROUTE_2,7,Vulpix,Grass,0.051,
ROUTE_2,8,Rattata,Grass,0.051,
ROUTE_2,8,Pidgey,Grass,0.043,
ROUTE_2,8,Pidgey,Grass,0.012,
ROUTE_3,8,Spearow,Grass,0.199,
ROUTE_3,9,Mankey,Grass,0.199,
ROUTE_3,10,Oddish,Grass,0.152,
ROUTE_3,9,Jigglypuff,Grass,0.098,
ROUTE_3,10,Rattata,Grass,0.098,
ROUTE_3,10,Rattata,Grass,0.098,
ROUTE_3,11,Oddish,Grass,0.051,
ROUTE_3,12,Rattata,Grass,0.051,
ROUTE_3,13,Spearow,Grass,0.043,
ROUTE_3,14,Spearow,Grass,0.012,
ROUTE_4,5,Magikarp,Gift,1,
ROUTE_4,11,Spearow,Grass,0.199,
ROUTE_4,11,Ekans,Grass,0.199,
ROUTE_4,12,Mankey,Grass,0.152,
ROUTE_4,13,Farfetchd,Grass,0.098,
ROUTE_4,13,Sandshrew,Grass,0.098,
ROUTE_4,13,Rattata,Grass,0.098,
ROUTE_4,14,Sandshrew,Grass,0.051,
ROUTE_4,12,Psyduck,Grass,0.051,
ROUTE_4,13,Psyduck,Grass,0.043,
ROUTE_4,15,Psyduck,Grass,0.012,
ROUTE_4,5,Goldeen,OldRod,0.5,
ROUTE_4,5,Poliwag,OldRod,0.5,
ROUTE_4,20,Horsea,GoodRod,0.5,
ROUTE_4,20,Krabby,GoodRod,0.5,
ROUTE_4,30,Goldeen,SuperRod,0.25,
ROUTE_4,35,Goldeen,SuperRod,0.25,
ROUTE_4,30,Seaking,SuperRod,0.25,
ROUTE_4,35,Seaking,SuperRod,0.25,
ROCK_TUNNEL_1F,,Machoke,Trade,1,
ROUTE_5,15,Meowth,Grass,0.199,
ROUTE_5,14,Rattata,Grass,0.199,
ROUTE_5,13,Abra,Grass,0.152,
ROUTE_5,16,Farfetchd,Grass,0.098,
ROUTE_5,16,Rattata,Grass,0.098,
ROUTE_5,17,Pidgey,Grass,0.098,
ROUTE_5,17,Pidgeotto,Grass,0.051,
ROUTE_5,13,Jigglypuff,Grass,0.051,
ROUTE_5,15,Jigglypuff,Grass,0.043,
ROUTE_5,17,Jigglypuff,Grass,0.012,
ROUTE_6,15,Pidgey,Grass,0.199,
ROUTE_6,14,Rattata,Grass,0.199,
ROUTE_6,14,Abra,Grass,0.152,
ROUTE_6,16,Pidgey,Grass,0.098,
ROUTE_6,16,Lickitung,Grass,0.098,
ROUTE_6,15,Psyduck,Grass,0.098,
ROUTE_6,17,Pidgeotto,Grass,0.051,
ROUTE_6,16,Magnemite,Grass,0.051,
ROUTE_6,17,Magnemite,Grass,0.043,
ROUTE_6,19,Magnemite,Grass,0.012,
ROUTE_6,10,Psyduck,Surf,0.199,
ROUTE_6,15,Psyduck,Surf,0.199,
ROUTE_6,15,Psyduck,Surf,0.152,
ROUTE_6,15,Psyduck,Surf,0.098,
ROUTE_6,15,Psyduck,Surf,0.098,
ROUTE_6,20,Psyduck,Surf,0.098,
ROUTE_6,25,Golduck,Surf,0.051,
ROUTE_6,30,Golduck,Surf,0.051,
ROUTE_6,30,Golduck,Surf,0.043,
ROUTE_6,35,Golduck,Surf,0.012,
ROUTE_6,5,Goldeen,OldRod,0.5,
ROUTE_6,5,Poliwag,OldRod,0.5,
ROUTE_6,20,Horsea,GoodRod,0.5,
ROUTE_6,20,Krabby,GoodRod,0.5,
ROUTE_6,30,Goldeen,SuperRod,0.25,
ROUTE_6,35,Goldeen,SuperRod,0.25,
ROUTE_6,30,Seaking,SuperRod,0.25,
ROUTE_6,35,Seaking,SuperRod,0.25,
ROUTE_7,25,Eevee,Gift,1,
ROUTE_7,15,Abra,GameCorner,1,
ROUTE_7,20,Seel,GameCorner,1,
ROUTE_7,22,Magmar,GameCorner,1,
ROUTE_7,22,Electabuzz,GameCorner,1,
ROUTE_7,25,Dratini,GameCorner,1,
ROUTE_7,30,Porygon,GameCorner,1,
ROUTE_7,20,Vulpix,Grass,0.199,
ROUTE_7,22,Pidgey,Grass,0.199,
ROUTE_7,20,Rattata,Grass,0.152,
ROUTE_7,22,Koffing,Grass,0.098,
ROUTE_7,23,Koffing,Grass,0.098,
ROUTE_7,24,Pidgeotto,Grass,0.098,
ROUTE_7,26,Abra,Grass,0.051,
ROUTE_7,19,Jigglypuff,Grass,0.051,
ROUTE_7,24,Jigglypuff,Grass,0.043,
ROUTE_7,30,Jigglypuff,Grass,0.012,
ROUTE_8,20,Growlithe,Grass,0.199,
ROUTE_8,22,Pidgey,Grass,0.199,
ROUTE_8,20,Rattata,Grass,0.152,
ROUTE_8,17,Abra,Grass,0.098,
ROUTE_8,18,Abra,Grass,0.098,
ROUTE_8,24,Pidgeotto,Grass,0.098,
ROUTE_8,19,Abra,Grass,0.051,
ROUTE_8,24,Jigglypuff,Grass,0.051,
ROUTE_8,24,Kadabra,Grass,0.043,
ROUTE_8,28,Kadabra,Grass,0.012,
ROUTE_9,16,Nidoran-m,Grass,0.199,
ROUTE_9,16,Nidoran-f,Grass,0.199,
ROUTE_9,18,Rattata,Grass,0.152,
ROUTE_9,18,Lickitung,Grass,0.098,
ROUTE_9,18,Nidorina,Grass,0.098,
ROUTE_9,18,Nidorino,Grass,0.098,
ROUTE_9,18,Spearow,Grass,0.051,
ROUTE_9,20,Fearow,Grass,0.051,
ROUTE_9,21,Pinsir,Grass,0.043,
ROUTE_9,23,Pinsir,Grass,0.012,
ROUTE_10,16,Magnemite,Grass,0.199,
ROUTE_10,20,Raticate,Grass,0.199,
ROUTE_10,18,Magnemite,Grass,0.152,
ROUTE_10,20,Magnemite,Grass,0.098,
ROUTE_10,17,Nidoran-m,Grass,0.098,
ROUTE_10,17,Nidoran-f,Grass,0.098,
ROUTE_10,22,Magnemite,Grass,0.051,
ROUTE_10,18,Machop,Grass,0.051,
ROUTE_10,19,Machop,Grass,0.043,
ROUTE_10,20,Machop,Grass,0.012,
ROUTE_10,5,Goldeen,OldRod,0.5,
ROUTE_10,5,Poliwag,OldRod,0.5,
ROUTE_10,20,Horsea,GoodRod,0.5,
ROUTE_10,20,Krabby,GoodRod,0.5,
ROUTE_10,25,Krabby,SuperRod,0.25,
ROUTE_10,30,Krabby,SuperRod,0.25,
ROUTE_10,30,Horsea,SuperRod,0.25,
ROUTE_10,35,Kingler,SuperRod,0.25,
ROUTE_11,,Dugtrio,Trade,1,
ROUTE_10,15,Squirtle,Gift,1,
ROUTE_11,16,Pidgey,Grass,0.199,
ROUTE_11,15,Rattata,Grass,0.199,
ROUTE_11,18,Sandshrew,Grass,0.152,
ROUTE_11,17,Drowzee,Grass,0.098,
ROUTE_11,17,Ekans,Grass,0.098,
ROUTE_11,18,Drowzee,Grass,0.098,
ROUTE_11,20,Pidgeotto,Grass,0.051,
ROUTE_11,19,Magnemite,Grass,0.051,
ROUTE_11,19,Drowzee,Grass,0.043,
ROUTE_11,20,Drowzee,Grass,0.012,
ROUTE_11,5,Goldeen,OldRod,0.5,
ROUTE_11,5,Poliwag,OldRod,0.5,
ROUTE_11,20,Horsea,GoodRod,0.5,
ROUTE_11,20,Krabby,GoodRod,0.5,
ROUTE_11,25,Tentacool,SuperRod,0.25,
ROUTE_11,25,Tentacool,SuperRod,0.25,
ROUTE_11,30,Tentacool,SuperRod,0.25,
ROUTE_11,35,Horsea,SuperRod,0.25,
ROUTE_12,30,Snorlax,Overworld,1,150
ROUTE_12,25,Oddish,Grass,0.199,
ROUTE_12,25,Bellsprout,Grass,0.199,
ROUTE_12,28,Pidgey,Grass,0.152,
ROUTE_12,28,Pidgeotto,Grass,0.098,
ROUTE_12,28,Oddish,Grass,0.098,
ROUTE_12,29,Tangela,Grass,0.098,
ROUTE_12,29,Gloom,Grass,0.051,
ROUTE_12,29,Weepinbell,Grass,0.051,
ROUTE_12,26,Farfetchd,Grass,0.043,
ROUTE_12,31,Farfetchd,Grass,0.012,
ROUTE_12,15,Slowpoke,Surf,0.199,
ROUTE_12,15,Slowpoke,Surf,0.199,
ROUTE_12,15,Slowpoke,Surf,0.152,
ROUTE_12,15,Slowpoke,Surf,0.098,
ROUTE_12,15,Slowpoke,Surf,0.098,
ROUTE_12,15,Slowpoke,Surf,0.098,
ROUTE_12,15,Slowpoke,Surf,0.051,
ROUTE_12,15,Slowpoke,Surf,0.051,
ROUTE_12,15,Slowbro,Surf,0.043,
ROUTE_12,20,Slowbro,Surf,0.012,
ROUTE_12,5,Goldeen,OldRod,0.5,
ROUTE_12,5,Poliwag,OldRod,0.5,
ROUTE_12,20,Horsea,GoodRod,0.5,
ROUTE_12,20,Krabby,GoodRod,0.5,
ROUTE_12,30,Horsea,SuperRod,0.25,
ROUTE_12,25,Horsea,SuperRod,0.25,
ROUTE_12,30,Seadra,SuperRod,0.25,
ROUTE_12,35,Seadra,SuperRod,0.25,
ROUTE_13,25,Oddish,Grass,0.199,
ROUTE_13,25,Bellsprout,Grass,0.199,
ROUTE_13,28,Pidgeotto,Grass,0.152,
ROUTE_13,28,Pidgey,Grass,0.098,
ROUTE_13,27,Gloom,Grass,0.098,
ROUTE_13,27,Scyther,Grass,0.098,
ROUTE_13,29,Weepinbell,Grass,0.051,
ROUTE_13,29,Weepinbell,Grass,0.051,
ROUTE_13,26,Farfetchd,Grass,0.043,
ROUTE_13,33,Farfetchd,Grass,0.012,
ROUTE_13,15,Slowpoke,Surf,0.199,
ROUTE_13,15,Slowpoke,Surf,0.199,
ROUTE_13,15,Slowpoke,Surf,0.152,
ROUTE_13,15,Slowpoke,Surf,0.098,
ROUTE_13,15,Slowpoke,Surf,0.098,
ROUTE_13,15,Slowpoke,Surf,0.098,
ROUTE_13,15,Slowpoke,Surf,0.051,
ROUTE_13,15,Slowpoke,Surf,0.051,
ROUTE_13,15,Slowbro,Surf,0.043,
ROUTE_13,20,Slowbro,Surf,0.012,
ROUTE_13,5,Goldeen,OldRod,0.5,
ROUTE_13,5,Poliwag,OldRod,0.5,
ROUTE_13,20,Horsea,GoodRod,0.5,
ROUTE_13,20,Krabby,GoodRod,0.5,
ROUTE_13,25,Horsea,SuperRod,0.25,
ROUTE_13,30,Horsea,SuperRod,0.25,
ROUTE_13,30,Tentacruel,SuperRod,0.25,
ROUTE_13,30,Seadra,SuperRod,0.25,
ROUTE_14,26,Oddish,Grass,0.199,
ROUTE_14,26,Bellsprout,Grass,0.199,
ROUTE_14,24,Weepinbell,Grass,0.152,
ROUTE_14,30,Pidgeotto,Grass,0.098,
ROUTE_14,28,Gloom,Grass,0.098,
ROUTE_14,28,Scyther,Grass,0.098,
ROUTE_14,30,Gloom,Grass,0.051,
ROUTE_14,28,Venonat,Grass,0.051,
ROUTE_14,27,Venonat,Grass,0.043,
ROUTE_14,33,Venomoth,Grass,0.012,
ROUTE_15,26,Oddish,Grass,0.199,
ROUTE_15,26,Bellsprout,Grass,0.199,
ROUTE_15,24,Venonat,Grass,0.152,
ROUTE_15,32,Pidgeotto,Grass,0.098,
ROUTE_15,28,Oddish,Grass,0.098,
ROUTE_15,28,Bellsprout,Grass,0.098,
ROUTE_15,30,Gloom,Grass,0.051,
ROUTE_15,30,Weepinbell,Grass,0.051,
ROUTE_15,30,Venomoth,Grass,0.043,
ROUTE_15,34,Venomoth,Grass,0.012,
ROUTE_16,30,Snorlax,Overworld,1,111
ROUTE_16,22,Spearow,Grass,0.199,
ROUTE_16,22,Doduo,Grass,0.199,
ROUTE_16,23,Rattata,Grass,0.152,
ROUTE_16,24,Doduo,Grass,0.098,
ROUTE_16,24,Grimer,Grass,0.098,
ROUTE_16,26,Doduo,Grass,0.098,
ROUTE_16,23,Spearow,Grass,0.051,
ROUTE_16,24,Fearow,Grass,0.051,
ROUTE_16,25,Raticate,Grass,0.043,
ROUTE_16,26,Raticate,Grass,0.012,
ROUTE_17,30,Hitmonlee,Gift,1,
ROUTE_17,30,Hitmonchan,Gift,1,
ROUTE_17,35,Lapras,Gift,1,
ROUTE_17,,Jynx,Trade,1,
ROUTE_17,26,Doduo,Grass,0.199,
ROUTE_17,27,Fearow,Grass,0.199,
ROUTE_17,27,Doduo,Grass,0.152,
ROUTE_17,28,Grimer,Grass,0.098,
ROUTE_17,28,Ponyta,Grass,0.098,
ROUTE_17,29,Grimer,Grass,0.098,
ROUTE_17,29,Fearow,Grass,0.051,
ROUTE_17,28,Doduo,Grass,0.051,
ROUTE_17,32,Ponyta,Grass,0.043,
ROUTE_17,31,Dodrio,Grass,0.012,
ROUTE_17,5,Goldeen,OldRod,0.5,
ROUTE_17,5,Poliwag,OldRod,0.5,
ROUTE_17,20,Horsea,GoodRod,0.5,
ROUTE_17,20,Krabby,GoodRod,0.5,
ROUTE_17,25,Tentacool,SuperRod,0.25,
ROUTE_17,30,Tentacool,SuperRod,0.25,
ROUTE_17,30,Shellder,SuperRod,0.25,
ROUTE_17,35,Shellder,SuperRod,0.25,
ROUTE_18,,Parasect,Trade,1,
ROUTE_18,25,Spearow,Grass,0.199,
ROUTE_18,27,Doduo,Grass,0.199,
ROUTE_18,23,Rattata,Grass,0.152,
ROUTE_18,28,Doduo,Grass,0.098,
ROUTE_18,28,Raticate,Grass,0.098,
ROUTE_18,29,Doduo,Grass,0.098,
ROUTE_18,28,Fearow,Grass,0.051,
ROUTE_18,29,Fearow,Grass,0.051,
ROUTE_18,31,Raticate,Grass,0.043,
ROUTE_18,32,Raticate,Grass,0.012,
ROUTE_18,5,Goldeen,OldRod,0.5,
ROUTE_18,5,Poliwag,OldRod,0.5,
ROUTE_18,20,Horsea,GoodRod,0.5,
ROUTE_18,20,Krabby,GoodRod,0.5,
ROUTE_18,25,Tentacool,SuperRod,0.25,
ROUTE_18,30,Shellder,SuperRod,0.25,
ROUTE_18,35,Shellder,SuperRod,0.25,
ROUTE_18,35,Shellder,SuperRod,0.25,
ROUTE_19,20,Tentacool,Grass,0.199,
ROUTE_19,10,Tentacool,Grass,0.199,
ROUTE_19,15,Tentacool,Grass,0.152,
ROUTE_19,5,Tentacool,Grass,0.098,
ROUTE_19,15,Tentacool,Grass,0.098,
ROUTE_19,20,Tentacool,Grass,0.098,
ROUTE_19,25,Tentacool,Grass,0.051,
ROUTE_19,30,Tentacruel,Grass,0.051,
ROUTE_19,35,Tentacruel,Grass,0.043,
ROUTE_19,40,Tentacruel,Grass,0.012,
ROUTE_19,5,Goldeen,OldRod,0.5,
ROUTE_19,5,Poliwag,OldRod,0.5,
ROUTE_19,20,Horsea,GoodRod,0.5,
ROUTE_19,20,Krabby,GoodRod,0.5,
ROUTE_19,25,Tentacool,SuperRod,0.25,
ROUTE_19,30,Staryu,SuperRod,0.25,
ROUTE_19,30,Tentacool,SuperRod,0.25,
ROUTE_19,35,Tentacruel,SuperRod,0.25,
ROUTE_20,20,Tentacool,Grass,0.199,
ROUTE_20,10,Tentacool,Grass,0.199,
ROUTE_20,15,Tentacool,Grass,0.152,
ROUTE_20,5,Tentacool,Grass,0.098,
ROUTE_20,15,Tentacool,Grass,0.098,
ROUTE_20,20,Tentacool,Grass,0.098,
ROUTE_20,25,Tentacool,Grass,0.051,
ROUTE_20,30,Tentacruel,Grass,0.051,
ROUTE_20,35,Tentacruel,Grass,0.043,
ROUTE_20,40,Tentacruel,Grass,0.012,
ROUTE_20,5,Goldeen,OldRod,0.5,
ROUTE_20,5,Poliwag,OldRod,0.5,
ROUTE_20,20,Horsea,GoodRod,0.5,
ROUTE_20,20,Krabby,GoodRod,0.5,
ROUTE_20,20,Tentacool,SuperRod,0.25,
ROUTE_20,20,Tentacruel,SuperRod,0.25,
ROUTE_20,30,Staryu,SuperRod,0.25,
ROUTE_20,40,Tentacruel,SuperRod,0.25,
ROUTE_21,25,Pidgey,Grass,0.199,
ROUTE_21,23,Rattata,Grass,0.199,
ROUTE_21,23,Pidgey,Grass,0.152,
ROUTE_21,21,Pidgey,Grass,0.098,
ROUTE_21,27,Mr-mime,Grass,0.098,
ROUTE_21,25,Rattata,Grass,0.098,
ROUTE_21,25,Raticate,Grass,0.051,
ROUTE_21,27,Pidgeotto,Grass,0.051,
ROUTE_21,29,Pidgeotto,Grass,0.043,
ROUTE_21,30,Pidgeot,Grass,0.012,
ROUTE_21,20,Tentacool,Surf,0.199,
ROUTE_21,10,Tentacool,Surf,0.199,
ROUTE_21,15,Tentacool,Surf,0.152,
ROUTE_21,5,Tentacool,Surf,0.098,
ROUTE_21,15,Tentacool,Surf,0.098,
ROUTE_21,20,Tentacool,Surf,0.098,
ROUTE_21,25,Tentacool,Surf,0.051,
ROUTE_21,30,Tentacruel,Surf,0.051,
ROUTE_21,35,Tentacruel,Surf,0.043,
ROUTE_21,40,Tentacruel,Surf,0.012,
ROUTE_21,5,Goldeen,OldRod,0.5,
ROUTE_21,5,Poliwag,OldRod,0.5,
ROUTE_21,20,Horsea,GoodRod,0.5,
ROUTE_21,20,Krabby,GoodRod,0.5,
ROUTE_21,15,Tentacool,SuperRod,0.25,
ROUTE_21,20,Staryu,SuperRod,0.25,
ROUTE_21,30,Tentacool,SuperRod,0.25,
ROUTE_21,30,Tentacruel,SuperRod,0.25,
ROUTE_22,3,Nidoran-m,Grass,0.199,
ROUTE_22,4,Mankey,Grass,0.199,
ROUTE_22,3,Nidoran-f,Grass,0.152,
ROUTE_22,4,Nidoran-m,Grass,0.098,
ROUTE_22,5,Spearow,Grass,0.098,
ROUTE_22,4,Nidoran-f,Grass,0.098,
ROUTE_22,5,Mankey,Grass,0.051,
ROUTE_22,6,Spearow,Grass,0.051,
ROUTE_22,5,Rattata,Grass,0.043,
ROUTE_22,5,Rattata,Grass,0.012,
ROUTE_22,5,Goldeen,OldRod,0.5,
ROUTE_22,5,Poliwag,OldRod,0.5,
ROUTE_22,20,Horsea,GoodRod,0.5,
ROUTE_22,20,Krabby,GoodRod,0.5,
ROUTE_22,10,Poliwag,SuperRod,0.25,
ROUTE_22,15,Poliwag,SuperRod,0.25,
ROUTE_22,20,Poliwag,SuperRod,0.25,
ROUTE_22,25,Poliwhirl,SuperRod,0.25,
ROUTE_23,44,Nidorino,Grass,0.199,
ROUTE_23,44,Nidorina,Grass,0.199,
ROUTE_23,51,Primeape,Grass,0.152,
ROUTE_23,49,Nidoking,Grass,0.098,
ROUTE_23,49,Nidoqueen,Grass,0.098,
ROUTE_23,50,Fearow,Grass,0.098,
ROUTE_23,5,Squirtle,Grass,0.051,
ROUTE_23,5,Bulbasaur,Grass,0.051,
ROUTE_23,5,Charmander,Grass,0.043,
ROUTE_23,5,Eevee,Grass,0.012,
ROUTE_23,5,Goldeen,OldRod,0.5,
ROUTE_23,5,Poliwag,OldRod,0.5,
ROUTE_23,20,Horsea,GoodRod,0.5,
ROUTE_23,20,Krabby,GoodRod,0.5,
ROUTE_23,25,Poliwag,SuperRod,0.25,
ROUTE_23,30,Poliwag,SuperRod,0.25,
ROUTE_23,30,Poliwhirl,SuperRod,0.25,
ROUTE_23,40,Poliwhirl,SuperRod,0.25,
ROUTE_24,10,Bulbasaur,Gift,1,
ROUTE_24,13,Charmander,Gift,1,
ROUTE_24,12,Pidgey,Grass,0.199,
ROUTE_24,12,Bellsprout,Grass,0.199,
ROUTE_24,13,Abra,Grass,0.152,
ROUTE_24,14,Oddish,Grass,0.098,
ROUTE_24,14,Bellsprout,Grass,0.098,
ROUTE_24,15,Pidgey,Grass,0.098,
ROUTE_24,13,Venonat,Grass,0.051,
ROUTE_24,16,Venonat,Grass,0.051,
ROUTE_24,17,Pidgey,Grass,0.043,
ROUTE_24,17,Pidgeotto,Grass,0.012,
ROUTE_24,5,Goldeen,OldRod,0.5,
ROUTE_24,5,Poliwag,OldRod,0.5,
ROUTE_24,20,Horsea,GoodRod,0.5,
ROUTE_24,20,Krabby,GoodRod,0.5,
ROUTE_24,35,Goldeen,SuperRod,0.25,
ROUTE_24,30,Seaking,SuperRod,0.25,
ROUTE_24,35,Seaking,SuperRod,0.25,
ROUTE_24,30,Seaking,SuperRod,0.25,
ROUTE_25,12,Pidgey,Grass,0.199,
ROUTE_25,12,Bellsprout,Grass,0.199,
ROUTE_25,13,Abra,Grass,0.152,
ROUTE_25,14,Oddish,Grass,0.098,
ROUTE_25,14,Bellsprout,Grass,0.098,
ROUTE_25,15,Pidgey,Grass,0.098,
ROUTE_25,13,Venonat,Grass,0.051,
ROUTE_25,16,Venonat,Grass,0.051,
ROUTE_25,17,Pidgey,Grass,0.043,
ROUTE_25,17,Pidgeotto,Grass,0.012,
ROUTE_25,5,Goldeen,OldRod,0.5,
ROUTE_25,5,Poliwag,OldRod,0.5,
ROUTE_25,20,Horsea,GoodRod,0.5,
ROUTE_25,20,Krabby,GoodRod,0.5,
ROUTE_25,25,Krabby,SuperRod,0.25,
ROUTE_25,30,Krabby,SuperRod,0.25,
ROUTE_25,35,Kingler,SuperRod,0.25,
ROUTE_25,15,Dratini,SuperRod,0.25,
CERULEAN_CAVE_1F,64,Rhydon,Grass,0.199,
CERULEAN_CAVE_1F,63,Golem,Grass,0.199,
CERULEAN_CAVE_1F,62,Electrode,Grass,0.152,
CERULEAN_CAVE_1F,61,Lickitung,Grass,0.098,
CERULEAN_CAVE_1F,65,Chansey,Grass,0.098,
CERULEAN_CAVE_1F,60,Ditto,Grass,0.098,
CERULEAN_CAVE_1F,64,Vileplume,Grass,0.051,
CERULEAN_CAVE_1F,63,Victreebel,Grass,0.051,
CERULEAN_CAVE_1F,64,Raichu,Grass,0.043,
CERULEAN_CAVE_1F,65,Raichu,Grass,0.012,
CERULEAN_CAVE_1F,5,Goldeen,OldRod,0.5,
CERULEAN_CAVE_1F,5,Poliwag,OldRod,0.5,
CERULEAN_CAVE_1F,20,Horsea,GoodRod,0.5,
CERULEAN_CAVE_1F,20,Krabby,GoodRod,0.5,
CERULEAN_CAVE_1F,55,Seaking,SuperRod,0.25,
CERULEAN_CAVE_1F,55,Poliwrath,SuperRod,0.25,
CERULEAN_CAVE_1F,55,Cloyster,SuperRod,0.25,
CERULEAN_CAVE_1F,55,Starmie,SuperRod,0.25,
CERULEAN_CAVE_2F,64,Golem,Grass,0.199,
CERULEAN_CAVE_2F,63,Sandslash,Grass,0.199,
CERULEAN_CAVE_2F,62,Wigglytuff,Grass,0.152,
CERULEAN_CAVE_2F,61,Marowak,Grass,0.098,
CERULEAN_CAVE_2F,65,Dodrio,Grass,0.098,
CERULEAN_CAVE_2F,60,Ditto,Grass,0.098,
CERULEAN_CAVE_2F,64,Magneton,Grass,0.051,
CERULEAN_CAVE_2F,63,Chansey,Grass,0.051,
CERULEAN_CAVE_2F,64,Raichu,Grass,0.043,
CERULEAN_CAVE_2F,65,Raichu,Grass,0.012,
CERULEAN_CAVE_B1F_MEWTWO,70,Mewtwo,Overworld,1,213
CERULEAN_CAVE_B1F,64,Hypno,Grass,0.199,
CERULEAN_CAVE_B1F,63,Golduck,Grass,0.199,
CERULEAN_CAVE_B1F,62,Golbat,Grass,0.152,
CERULEAN_CAVE_B1F,61,Sandslash,Grass,0.098,
CERULEAN_CAVE_B1F,65,Parasect,Grass,0.098,
CERULEAN_CAVE_B1F,60,Slowbro,Grass,0.098,
CERULEAN_CAVE_B1F,64,Kadabra,Grass,0.051,
CERULEAN_CAVE_B1F,63,Ditto,Grass,0.051,
CERULEAN_CAVE_B1F,64,Ditto,Grass,0.043,
CERULEAN_CAVE_B1F,65,Alakazam,Grass,0.012,
CERULEAN_CAVE_B1F,5,Goldeen,OldRod,0.5,
CERULEAN_CAVE_B1F,5,Poliwag,OldRod,0.5,
CERULEAN_CAVE_B1F,20,Horsea,GoodRod,0.5,
CERULEAN_CAVE_B1F,20,Krabby,GoodRod,0.5,
CERULEAN_CAVE_B1F,60,Seaking,SuperRod,0.25,
CERULEAN_CAVE_B1F,60,Kingler,SuperRod,0.25,
CERULEAN_CAVE_B1F,60,Cloyster,SuperRod,0.25,
CERULEAN_CAVE_B1F,60,Starmie,SuperRod,0.25,
DIGLETTS_CAVE,,Mr-mime,Trade,1,
DIGLETTS_CAVE,18,Diglett,Grass,0.199,
DIGLETTS_CAVE,19,Diglett,Grass,0.199,
DIGLETTS_CAVE,17,Diglett,Grass,0.152,
DIGLETTS_CAVE,20,Diglett,Grass,0.098,
DIGLETTS_CAVE,16,Diglett,Grass,0.098,
DIGLETTS_CAVE,15,Diglett,Grass,0.098,
DIGLETTS_CAVE,21,Diglett,Grass,0.051,
DIGLETTS_CAVE,22,Diglett,Grass,0.051,
DIGLETTS_CAVE,24,Dugtrio,Grass,0.043,
DIGLETTS_CAVE,24,Dugtrio,Grass,0.012,
MT_MOON_1F,8,Zubat,Grass,0.199,
MT_MOON_1F,9,Zubat,Grass,0.199,
MT_MOON_1F,10,Geodude,Grass,0.152,
MT_MOON_1F,6,Zubat,Grass,0.098,
MT_MOON_1F,7,Zubat,Grass,0.098,
MT_MOON_1F,10,Sandshrew,Grass,0.098,
MT_MOON_1F,10,Geodude,Grass,0.051,
MT_MOON_1F,11,Sandshrew,Grass,0.051,
MT_MOON_1F,12,Sandshrew,Grass,0.043,
MT_MOON_1F,12,Clefairy,Grass,0.012,
MT_MOON_B1F,8,Zubat,Grass,0.199,
MT_MOON_B1F,9,Zubat,Grass,0.199,
MT_MOON_B1F,10,Zubat,Grass,0.152,
MT_MOON_B1F,10,Geodude,Grass,0.098,
MT_MOON_B1F,11,Geodude,Grass,0.098,
MT_MOON_B1F,11,Zubat,Grass,0.098,
MT_MOON_B1F,9,Paras,Grass,0.051,
MT_MOON_B1F,11,Paras,Grass,0.051,
MT_MOON_B1F,10,Clefairy,Grass,0.043,
MT_MOON_B1F,12,Clefairy,Grass,0.012,
MT_MOON_B2F,10,Zubat,Grass,0.199,
MT_MOON_B2F,11,Geodude,Grass,0.199,
MT_MOON_B2F,13,Paras,Grass,0.152,
MT_MOON_B2F,11,Zubat,Grass,0.098,
MT_MOON_B2F,11,Zubat,Grass,0.098,
MT_MOON_B2F,12,Zubat,Grass,0.098,
MT_MOON_B2F,13,Zubat,Grass,0.051,
MT_MOON_B2F,9,Clefairy,Grass,0.051,
MT_MOON_B2F,12,Clefairy,Grass,0.043,
MT_MOON_B2F,15,Clefairy,Grass,0.012,
POKEMON_MANSION_1F,40,Omanyte,Gift,1,
POKEMON_MANSION_1F,40,Kabuto,Gift,1,
POKEMON_MANSION_1F,40,Aerodactyl,Gift,1,
POKEMON_MANSION_1F,,Rhydon,Trade,1,
POKEMON_MANSION_1F,,Dewgong,Trade,1,
POKEMON_MANSION_1F,,Muk,Trade,1,
POKEMON_MANSION_1F,34,Rattata,Grass,0.199,
POKEMON_MANSION_1F,34,Raticate,Grass,0.199,
POKEMON_MANSION_1F,33,Grimer,Grass,0.152,
POKEMON_MANSION_1F,36,Growlithe,Grass,0.098,
POKEMON_MANSION_1F,37,Rattata,Grass,0.098,
POKEMON_MANSION_1F,37,Raticate,Grass,0.098,
POKEMON_MANSION_1F,32,Growlithe,Grass,0.051,
POKEMON_MANSION_1F,36,Grimer,Grass,0.051,
POKEMON_MANSION_1F,40,Magmar,Grass,0.043,
POKEMON_MANSION_1F,45,Magmar,Grass,0.012,
POKEMON_MANSION_2F,37,Rattata,Grass,0.199,
POKEMON_MANSION_2F,37,Raticate,Grass,0.199,
POKEMON_MANSION_2F,36,Grimer,Grass,0.152,
POKEMON_MANSION_2F,39,Grimer,Grass,0.098,
POKEMON_MANSION_2F,40,Muk,Grass,0.098,
POKEMON_MANSION_2F,40,Raticate,Grass,0.098,
POKEMON_MANSION_2F,42,Muk,Grass,0.051,
POKEMON_MANSION_2F,40,Magmar,Grass,0.051,
POKEMON_MANSION_2F,42,Magmar,Grass,0.043,
POKEMON_MANSION_2F,45,Magmar,Grass,0.012,
POKEMON_MANSION_3F,37,Rattata,Grass,0.199,
POKEMON_MANSION_3F,37,Raticate,Grass,0.199,
POKEMON_MANSION_3F,36,Grimer,Grass,0.152,
POKEMON_MANSION_3F,39,Grimer,Grass,0.098,
POKEMON_MANSION_3F,40,Muk,Grass,0.098,
POKEMON_MANSION_3F,40,Raticate,Grass,0.098,
POKEMON_MANSION_3F,42,Muk,Grass,0.051,
POKEMON_MANSION_3F,40,Magmar,Grass,0.051,
POKEMON_MANSION_3F,42,Magmar,Grass,0.043,
POKEMON_MANSION_3F,45,Magmar,Grass,0.012,
POKEMON_MANSION_B1F,37,Raticate,Grass,0.199,
POKEMON_MANSION_B1F,37,Magmar,Grass,0.199,
POKEMON_MANSION_B1F,36,Grimer,Grass,0.152,
POKEMON_MANSION_B1F,39,Grimer,Grass,0.098,
POKEMON_MANSION_B1F,40,Muk,Grass,0.098,
POKEMON_MANSION_B1F,40,Raticate,Grass,0.098,
POKEMON_MANSION_B1F,7,Ditto,Grass,0.051,
POKEMON_MANSION_B1F,40,Magmar,Grass,0.051,
POKEMON_MANSION_B1F,25,Ditto,Grass,0.043,
POKEMON_MANSION_B1F,30,Ditto,Grass,0.012,
POKEMON_TOWER_3F,20,Gastly,Grass,0.199,
POKEMON_TOWER_3F,21,Gastly,Grass,0.199,
POKEMON_TOWER_3F,22,Gastly,Grass,0.152,
POKEMON_TOWER_3F,23,Gastly,Grass,0.098,
POKEMON_TOWER_3F,24,Gastly,Grass,0.098,
POKEMON_TOWER_3F,19,Gastly,Grass,0.098,
POKEMON_TOWER_3F,18,Gastly,Grass,0.051,
POKEMON_TOWER_3F,25,Gastly,Grass,0.051,
POKEMON_TOWER_3F,25,Haunter,Grass,0.043,
POKEMON_TOWER_3F,25,Haunter,Grass,0.012,
POKEMON_TOWER_4F,20,Gastly,Grass,0.199,
POKEMON_TOWER_4F,21,Gastly,Grass,0.199,
POKEMON_TOWER_4F,22,Gastly,Grass,0.152,
POKEMON_TOWER_4F,23,Gastly,Grass,0.098,
POKEMON_TOWER_4F,24,Gastly,Grass,0.098,
POKEMON_TOWER_4F,19,Gastly,Grass,0.098,
POKEMON_TOWER_4F,19,Gastly,Grass,0.051,
POKEMON_TOWER_4F,25,Gastly,Grass,0.051,
POKEMON_TOWER_4F,24,Haunter,Grass,0.043,
POKEMON_TOWER_4F,25,Haunter,Grass,0.012,
POKEMON_TOWER_5F,22,Gastly,Grass,0.199,
POKEMON_TOWER_5F,23,Gastly,Grass,0.199,
POKEMON_TOWER_5F,24,Gastly,Grass,0.152,
POKEMON_TOWER_5F,25,Gastly,Grass,0.098,
POKEMON_TOWER_5F,26,Gastly,Grass,0.098,
POKEMON_TOWER_5F,21,Gastly,Grass,0.098,
POKEMON_TOWER_5F,24,Cubone,Grass,0.051,
POKEMON_TOWER_5F,27,Gastly,Grass,0.051,
POKEMON_TOWER_5F,27,Haunter,Grass,0.043,
POKEMON_TOWER_5F,27,Haunter,Grass,0.012,
POKEMON_TOWER_6F,23,Gastly,Grass,0.199,
POKEMON_TOWER_6F,24,Gastly,Grass,0.199,
POKEMON_TOWER_6F,25,Gastly,Grass,0.152,
POKEMON_TOWER_6F,26,Gastly,Grass,0.098,
POKEMON_TOWER_6F,27,Gastly,Grass,0.098,
POKEMON_TOWER_6F,23,Gastly,Grass,0.098,
POKEMON_TOWER_6F,24,Cubone,Grass,0.051,
POKEMON_TOWER_6F,28,Haunter,Grass,0.051,
POKEMON_TOWER_6F,29,Haunter,Grass,0.043,
POKEMON_TOWER_6F,30,Gengar,Grass,0.012,
POKEMON_TOWER_7F,24,Gastly,Grass,0.199,
POKEMON_TOWER_7F,25,Gastly,Grass,0.199,
POKEMON_TOWER_7F,26,Gastly,Grass,0.152,
POKEMON_TOWER_7F,27,Gastly,Grass,0.098,
POKEMON_TOWER_7F,28,Gastly,Grass,0.098,
POKEMON_TOWER_7F,23,Gastly,Grass,0.098,
POKEMON_TOWER_7F,24,Cubone,Grass,0.051,
POKEMON_TOWER_7F,28,Haunter,Grass,0.051,
POKEMON_TOWER_7F,29,Haunter,Grass,0.043,
POKEMON_TOWER_7F,32,Gengar,Grass,0.012,
POWER_PLANT,50,Zapdos,Overworld,1,196
POWER_PLANT,30,Magnemite,Grass,0.199,
POWER_PLANT,33,Magneton,Grass,0.199,
POWER_PLANT,35,Magneton,Grass,0.152,
POWER_PLANT,33,Voltorb,Grass,0.098,
POWER_PLANT,37,Electrode,Grass,0.098,
POWER_PLANT,33,Grimer,Grass,0.098,
POWER_PLANT,37,Muk,Grass,0.051,
POWER_PLANT,38,Electabuzz,Grass,0.051,
POWER_PLANT,39,Electabuzz,Grass,0.043,
POWER_PLANT,33,Raichu,Grass,0.012,
ROCK_TUNNEL_1F,15,Zubat,Grass,0.199,
ROCK_TUNNEL_1F,16,Geodude,Grass,0.199,
ROCK_TUNNEL_1F,17,Machop,Grass,0.152,
ROCK_TUNNEL_1F,19,Zubat,Grass,0.098,
ROCK_TUNNEL_1F,18,Geodude,Grass,0.098,
ROCK_TUNNEL_1F,20,Geodude,Grass,0.098,
ROCK_TUNNEL_1F,21,Zubat,Grass,0.051,
ROCK_TUNNEL_1F,17,Cubone,Grass,0.051,
ROCK_TUNNEL_1F,19,Cubone,Grass,0.043,
ROCK_TUNNEL_1F,21,Cubone,Grass,0.012,
ROCK_TUNNEL_B1F,20,Zubat,Grass,0.199,
ROCK_TUNNEL_B1F,17,Geodude,Grass,0.199,
ROCK_TUNNEL_B1F,18,Machop,Grass,0.152,
ROCK_TUNNEL_B1F,21,Zubat,Grass,0.098,
ROCK_TUNNEL_B1F,22,Zubat,Grass,0.098,
ROCK_TUNNEL_B1F,21,Geodude,Grass,0.098,
ROCK_TUNNEL_B1F,20,Machop,Grass,0.051,
ROCK_TUNNEL_B1F,17,Onix,Grass,0.051,
ROCK_TUNNEL_B1F,18,Onix,Grass,0.043,
ROCK_TUNNEL_B1F,22,Onix,Grass,0.012,
SAFARI_ZONE_CENTER,10,Omanyte,Gift,1,
SAFARI_ZONE_CENTER,10,Kabuto,Gift,1,
SAFARI_ZONE_CENTER,32,Nidorino,Grass,0.199,
SAFARI_ZONE_CENTER,32,Nidorina,Grass,0.199,
SAFARI_ZONE_CENTER,35,Exeggcute,Grass,0.152,
SAFARI_ZONE_CENTER,34,Rhyhorn,Grass,0.098,
SAFARI_ZONE_CENTER,36,Nidoking,Grass,0.098,
SAFARI_ZONE_CENTER,36,Nidoqueen,Grass,0.098,
SAFARI_ZONE_CENTER,36,Weepinbell,Grass,0.051,
SAFARI_ZONE_CENTER,37,Weepinbell,Grass,0.051,
SAFARI_ZONE_CENTER,35,Tangela,Grass,0.043,
SAFARI_ZONE_CENTER,32,Chansey,Grass,0.012,
SAFARI_ZONE_CENTER,5,Goldeen,OldRod,0.5,
SAFARI_ZONE_CENTER,5,Poliwag,OldRod,0.5,
SAFARI_ZONE_CENTER,20,Horsea,GoodRod,0.5,
SAFARI_ZONE_CENTER,20,Krabby,GoodRod,0.5,
SAFARI_ZONE_CENTER,10,Magikarp,SuperRod,0.25,
SAFARI_ZONE_CENTER,15,Magikarp,SuperRod,0.25,
SAFARI_ZONE_CENTER,20,Dratini,SuperRod,0.25,
SAFARI_ZONE_CENTER,30,Dragonair,SuperRod,0.25,
SAFARI_ZONE_EAST,32,Tauros,Grass,0.199,
SAFARI_ZONE_EAST,33,Rhyhorn,Grass,0.199,
SAFARI_ZONE_EAST,35,Exeggcute,Grass,0.152,
SAFARI_ZONE_EAST,34,Tauros,Grass,0.098,
SAFARI_ZONE_EAST,36,Cubone,Grass,0.098,
SAFARI_ZONE_EAST,36,Marowak,Grass,0.098,
SAFARI_ZONE_EAST,36,Scyther,Grass,0.051,
SAFARI_ZONE_EAST,37,Pinsir,Grass,0.051,
SAFARI_ZONE_EAST,35,Chansey,Grass,0.043,
SAFARI_ZONE_EAST,40,Scyther,Grass,0.012,
SAFARI_ZONE_EAST,5,Goldeen,OldRod,0.5,
SAFARI_ZONE_EAST,5,Poliwag,OldRod,0.5,
SAFARI_ZONE_EAST,20,Horsea,GoodRod,0.5,
SAFARI_ZONE_EAST,20,Krabby,GoodRod,0.5,
SAFARI_ZONE_EAST,10,Magikarp,SuperRod,0.25,
SAFARI_ZONE_EAST,15,Magikarp,SuperRod,0.25,
SAFARI_ZONE_EAST,20,Gyarados,SuperRod,0.25,
SAFARI_ZONE_EAST,25,Dratini,SuperRod,0.25,
SAFARI_ZONE_NORTH,32,Nidoqueen,Grass,0.199,
SAFARI_ZONE_NORTH,33,Nidoking,Grass,0.199,
SAFARI_ZONE_NORTH,35,Cubone,Grass,0.152,
SAFARI_ZONE_NORTH,34,Kangaskhan,Grass,0.098,
SAFARI_ZONE_NORTH,34,Rhyhorn,Grass,0.098,
SAFARI_ZONE_NORTH,36,Marowak,Grass,0.098,
SAFARI_ZONE_NORTH,35,Kangaskhan,Grass,0.051,
SAFARI_ZONE_NORTH,35,Rhyhorn,Grass,0.051,
SAFARI_ZONE_NORTH,36,Rhyhorn,Grass,0.043,
SAFARI_ZONE_NORTH,40,Chansey,Grass,0.012,
SAFARI_ZONE_NORTH,5,Goldeen,OldRod,0.5,
SAFARI_ZONE_NORTH,5,Poliwag,OldRod,0.5,
SAFARI_ZONE_NORTH,20,Horsea,GoodRod,0.5,
SAFARI_ZONE_NORTH,20,Krabby,GoodRod,0.5,
SAFARI_ZONE_NORTH,10,Magikarp,SuperRod,0.25,
SAFARI_ZONE_NORTH,15,Magikarp,SuperRod,0.25,
SAFARI_ZONE_NORTH,20,Gyarados,SuperRod,0.25,
SAFARI_ZONE_NORTH,25,Dratini,SuperRod,0.25,
SAFARI_ZONE_WEST,35,Parasect,Grass,0.199,
SAFARI_ZONE_WEST,33,Venomoth,Grass,0.199,
SAFARI_ZONE_WEST,35,Pinsir,Grass,0.152,
SAFARI_ZONE_WEST,34,Scyther,Grass,0.098,
SAFARI_ZONE_WEST,36,Butterfree,Grass,0.098,
SAFARI_ZONE_WEST,36,Beedrill,Grass,0.098,
SAFARI_ZONE_WEST,36,Dodrio,Grass,0.051,
SAFARI_ZONE_WEST,36,Fearow,Grass,0.051,
SAFARI_ZONE_WEST,36,Pidgeot,Grass,0.043,
SAFARI_ZONE_WEST,40,Pidgeot,Grass,0.012,
SAFARI_ZONE_WEST,5,Goldeen,OldRod,0.5,
SAFARI_ZONE_WEST,5,Poliwag,OldRod,0.5,
SAFARI_ZONE_WEST,20,Horsea,GoodRod,0.5,
SAFARI_ZONE_WEST,20,Krabby,GoodRod,0.5,
SAFARI_ZONE_WEST,10,Magikarp,SuperRod,0.25,
SAFARI_ZONE_WEST,15,Magikarp,SuperRod,0.25,
SAFARI_ZONE_WEST,20,Gyarados,SuperRod,0.25,
SAFARI_ZONE_WEST,25,Dratini,SuperRod,0.25,
SEAFOAM_ISLANDS_1F,25,Zubat,Grass,0.199,
SEAFOAM_ISLANDS_1F,30,Krabby,Grass,0.199,
SEAFOAM_ISLANDS_1F,32,Krabby,Grass,0.152,
SEAFOAM_ISLANDS_1F,33,Golbat,Grass,0.098,
SEAFOAM_ISLANDS_1F,35,Golbat,Grass,0.098,
SEAFOAM_ISLANDS_1F,32,Slowpoke,Grass,0.098,
SEAFOAM_ISLANDS_1F,35,Slowpoke,Grass,0.051,
SEAFOAM_ISLANDS_1F,32,Golbat,Grass,0.051,
SEAFOAM_ISLANDS_1F,35,Jynx,Grass,0.043,
SEAFOAM_ISLANDS_1F,36,Jynx,Grass,0.012,
SEAFOAM_ISLANDS_B1F,27,Zubat,Grass,0.199,
SEAFOAM_ISLANDS_B1F,26,Krabby,Grass,0.199,
SEAFOAM_ISLANDS_B1F,36,Golbat,Grass,0.152,
SEAFOAM_ISLANDS_B1F,38,Kingler,Grass,0.098,
SEAFOAM_ISLANDS_B1F,37,Golbat,Grass,0.098,
SEAFOAM_ISLANDS_B1F,33,Slowpoke,Grass,0.098,
SEAFOAM_ISLANDS_B1F,38,Jynx,Grass,0.051,
SEAFOAM_ISLANDS_B1F,28,Kingler,Grass,0.051,
SEAFOAM_ISLANDS_B1F,35,Slowpoke,Grass,0.043,
SEAFOAM_ISLANDS_B1F,38,Slowbro,Grass,0.012,
SEAFOAM_ISLANDS_B2F,27,Zubat,Grass,0.199,
SEAFOAM_ISLANDS_B2F,26,Krabby,Grass,0.199,
SEAFOAM_ISLANDS_B2F,36,Golbat,Grass,0.152,
SEAFOAM_ISLANDS_B2F,38,Kingler,Grass,0.098,
SEAFOAM_ISLANDS_B2F,37,Golbat,Grass,0.098,
SEAFOAM_ISLANDS_B2F,33,Slowpoke,Grass,0.098,
SEAFOAM_ISLANDS_B2F,38,Jynx,Grass,0.051,
SEAFOAM_ISLANDS_B2F,28,Kingler,Grass,0.051,
SEAFOAM_ISLANDS_B2F,35,Slowpoke,Grass,0.043,
SEAFOAM_ISLANDS_B2F,38,Slowbro,Grass,0.012,
SEAFOAM_ISLANDS_B3F,36,Golbat,Grass,0.199,
SEAFOAM_ISLANDS_B3F,36,Zubat,Grass,0.199,
SEAFOAM_ISLANDS_B3F,38,Jynx,Grass,0.152,
SEAFOAM_ISLANDS_B3F,39,Kingler,Grass,0.098,
SEAFOAM_ISLANDS_B3F,34,Seel,Grass,0.098,
SEAFOAM_ISLANDS_B3F,35,Seel,Grass,0.098,
SEAFOAM_ISLANDS_B3F,40,Jynx,Grass,0.051,
SEAFOAM_ISLANDS_B3F,45,Golbat,Grass,0.051,
SEAFOAM_ISLANDS_B3F,39,Dewgong,Grass,0.043,
SEAFOAM_ISLANDS_B3F,40,Dewgong,Grass,0.012,
SEAFOAM_ISLANDS_B3F,25,Tentacool,Surf,0.199,
SEAFOAM_ISLANDS_B3F,30,Tentacool,Surf,0.199,
SEAFOAM_ISLANDS_B3F,20,Tentacool,Surf,0.152,
SEAFOAM_ISLANDS_B3F,30,Staryu,Surf,0.098,
SEAFOAM_ISLANDS_B3F,35,Tentacool,Surf,0.098,
SEAFOAM_ISLANDS_B3F,30,Staryu,Surf,0.098,
SEAFOAM_ISLANDS_B3F,40,Tentacruel,Surf,0.051,
SEAFOAM_ISLANDS_B3F,30,Staryu,Surf,0.051,
SEAFOAM_ISLANDS_B3F,30,Staryu,Surf,0.043,
SEAFOAM_ISLANDS_B3F,30,Staryu,Surf,0.012,
SEAFOAM_ISLANDS_B3F,5,Goldeen,OldRod,0.5,
SEAFOAM_ISLANDS_B3F,5,Poliwag,OldRod,0.5,
SEAFOAM_ISLANDS_B3F,20,Horsea,GoodRod,0.5,
SEAFOAM_ISLANDS_B3F,20,Krabby,GoodRod,0.5,
SEAFOAM_ISLANDS_B3F,35,Krabby,SuperRod,0.25,
SEAFOAM_ISLANDS_B3F,35,Staryu,SuperRod,0.25,
SEAFOAM_ISLANDS_B3F,40,Kingler,SuperRod,0.25,
SEAFOAM_ISLANDS_B3F,40,Staryu,SuperRod,0.25,
SEAFOAM_ISLANDS_B4F,50,Articuno,Overworld,1,195
SEAFOAM_ISLANDS_B4F,36,Golbat,Grass,0.199,
SEAFOAM_ISLANDS_B4F,36,Zubat,Grass,0.199,
SEAFOAM_ISLANDS_B4F,38,Jynx,Grass,0.152,
SEAFOAM_ISLANDS_B4F,39,Kingler,Grass,0.098,
SEAFOAM_ISLANDS_B4F,34,Seel,Grass,0.098,
SEAFOAM_ISLANDS_B4F,35,Seel,Grass,0.098,
SEAFOAM_ISLANDS_B4F,40,Jynx,Grass,0.051,
SEAFOAM_ISLANDS_B4F,45,Golbat,Grass,0.051,
SEAFOAM_ISLANDS_B4F,39,Dewgong,Grass,0.043,
SEAFOAM_ISLANDS_B4F,40,Dewgong,Grass,0.012,
SEAFOAM_ISLANDS_B4F,25,Tentacool,Surf,0.199,
SEAFOAM_ISLANDS_B4F,30,Tentacool,Surf,0.199,
SEAFOAM_ISLANDS_B4F,20,Tentacool,Surf,0.152,
SEAFOAM_ISLANDS_B4F,30,Staryu,Surf,0.098,
SEAFOAM_ISLANDS_B4F,35,Tentacool,Surf,0.098,
SEAFOAM_ISLANDS_B4F,30,Staryu,Surf,0.098,
SEAFOAM_ISLANDS_B4F,40,Tentacruel,Surf,0.051,
SEAFOAM_ISLANDS_B4F,30,Staryu,Surf,0.051,
SEAFOAM_ISLANDS_B4F,30,Staryu,Surf,0.043,
SEAFOAM_ISLANDS_B4F,30,Staryu,Surf,0.012,
SEAFOAM_ISLANDS_B4F,5,Goldeen,OldRod,0.5,
SEAFOAM_ISLANDS_B4F,5,Poliwag,OldRod,0.5,
SEAFOAM_ISLANDS_B4F,20,Horsea,GoodRod,0.5,
SEAFOAM_ISLANDS_B4F,20,Krabby,GoodRod,0.5,
SEAFOAM_ISLANDS_B4F,40,Kingler,SuperRod,0.25,
SEAFOAM_ISLANDS_B4F,40,Staryu,SuperRod,0.25,
SEAFOAM_ISLANDS_B4F,35,Omanyte,SuperRod,0.25,
SEAFOAM_ISLANDS_B4F,35,Kabuto,SuperRod,0.25,
VICTORY_ROAD_1F,46,Graveler,Grass,0.199,
VICTORY_ROAD_1F,42,Rhyhorn,Grass,0.199,
VICTORY_ROAD_1F,45,Graveler,Grass,0.152,
VICTORY_ROAD_1F,46,Machamp,Grass,0.098,
VICTORY_ROAD_1F,44,Golbat,Grass,0.098,
VICTORY_ROAD_1F,46,Golem,Grass,0.098,
VICTORY_ROAD_1F,43,Onix,Grass,0.051,
VICTORY_ROAD_1F,45,Onix,Grass,0.051,
VICTORY_ROAD_1F,48,Hitmonchan,Grass,0.043,
VICTORY_ROAD_1F,48,Hitmonchan,Grass,0.012,
VICTORY_ROAD_2F,46,Graveler,Grass,0.199,
VICTORY_ROAD_2F,42,Rhyhorn,Grass,0.199,
VICTORY_ROAD_2F,45,Graveler,Grass,0.152,
VICTORY_ROAD_2F,46,Machamp,Grass,0.098,
VICTORY_ROAD_2F,44,Golbat,Grass,0.098,
VICTORY_ROAD_2F,45,Golem,Grass,0.098,
VICTORY_ROAD_2F,45,Onix,Grass,0.051,
VICTORY_ROAD_2F,47,Rhydon,Grass,0.051,
VICTORY_ROAD_2F,48,Hitmonlee,Grass,0.043,
VICTORY_ROAD_2F,48,Hitmonlee,Grass,0.012,
VICTORY_ROAD_3F,50,Moltres,Overworld,1,201
VICTORY_ROAD_3F,47,Graveler,Grass,0.199,
VICTORY_ROAD_3F,43,Geodude,Grass,0.199,
VICTORY_ROAD_3F,46,Machamp,Grass,0.152,
VICTORY_ROAD_3F,47,Golbat,Grass,0.098,
VICTORY_ROAD_3F,45,Golem,Grass,0.098,
VICTORY_ROAD_3F,46,Onix,Grass,0.098,
VICTORY_ROAD_3F,46,Rhydon,Grass,0.051,
VICTORY_ROAD_3F,48,Hitmonchan,Grass,0.051,
VICTORY_ROAD_3F,48,Hitmonlee,Grass,0.043,
VICTORY_ROAD_3F,48,Hitmonlee,Grass,0.012,
VIRIDIAN_FOREST,4,Caterpie,Grass,0.199,
VIRIDIAN_FOREST,4,Weedle,Grass,0.199,
VIRIDIAN_FOREST,7,Pidgey,Grass,0.152,
VIRIDIAN_FOREST,7,Kakuna,Grass,0.098,
VIRIDIAN_FOREST,5,Oddish,Grass,0.098,
VIRIDIAN_FOREST,6,Metapod,Grass,0.098,
VIRIDIAN_FOREST,6,Oddish,Grass,0.051,
VIRIDIAN_FOREST,7,Kakuna,Grass,0.051,
VIRIDIAN_FOREST,8,Pidgey,Grass,0.043,
VIRIDIAN_FOREST,9,Pidgeotto,Grass,0.012,
