trainer,pkmn_id,map,nearest_route,pokemon,moves,game_stage,notes,pkmn_level
ViridianForest_Bug_Catcher_4,ViridianForest_Bug_Catcher_4_Pinsir_1,ViridianForest,ViridianForest,Pinsir,Vicegrip,Badge_1,,8
ViridianForest_Bug_Catcher_4,ViridianForest_Bug_Catcher_4_Pinsir_1,ViridianForest,ViridianForest,Pinsir,Harden,Badge_1,,8
ViridianForest_Bug_Catcher_4,ViridianForest_Bug_Catcher_4_Pinsir_1,ViridianForest,ViridianForest,Pinsir,Focus Energy,Badge_1,,8
ViridianForest_Bug_Catcher_4,ViridianForest_Bug_Catcher_4_Metapod_1,ViridianForest,ViridianForest,Metapod,Tackle,Badge_1,,9
ViridianForest_Bug_Catcher_4,ViridianForest_Bug_Catcher_4_Metapod_1,ViridianForest,ViridianForest,Metapod,Harden,Badge_1,,9
ViridianForest_Bug_Catcher_4,ViridianForest_Bug_Catcher_4_Metapod_1,ViridianForest,ViridianForest,Metapod,String Shot,Badge_1,,9
Route3_Bug_Catcher_1,Route3_Bug_Catcher_1_Metapod_1,Route3,Route3,Metapod,Tackle,Badge_2,,8
Route3_Bug_Catcher_1,Route3_Bug_Catcher_1_Metapod_1,Route3,Route3,Metapod,Harden,Badge_2,,8
Route3_Bug_Catcher_1,Route3_Bug_Catcher_1_Metapod_1,Route3,Route3,Metapod,String Shot,Badge_2,,8
Route3_Bug_Catcher_1,Route3_Bug_Catcher_1_Kakuna_1,Route3,Route3,Kakuna,Poison Sting,Badge_2,,8
Route3_Bug_Catcher_1,Route3_Bug_Catcher_1_Kakuna_1,Route3,Route3,Kakuna,String Shot,Badge_2,,8
Route3_Bug_Catcher_1,Route3_Bug_Catcher_1_Kakuna_1,Route3,Route3,Kakuna,Harden,Badge_2,,8
Route3_Bug_Catcher_1,Route3_Bug_Catcher_1_Butterfree_1,Route3,Route3,Butterfree,Tackle,Badge_2,,10
Route3_Bug_Catcher_1,Route3_Bug_Catcher_1_Butterfree_1,Route3,Route3,Butterfree,Harden,Badge_2,,10
Route3_Bug_Catcher_1,Route3_Bug_Catcher_1_Butterfree_1,Route3,Route3,Butterfree,String Shot,Badge_2,,10
Route3_Bug_Catcher_1,Route3_Bug_Catcher_1_Butterfree_1,Route3,Route3,Butterfree,Confusion,Badge_2,,10
Route3_Youngster_1,Route3_Youngster_1_Rattata_1,Route3,Route3,Rattata,Tackle,Badge_2,,11
Route3_Youngster_1,Route3_Youngster_1_Rattata_1,Route3,Route3,Rattata,Tail Whip,Badge_2,,11
Route3_Youngster_1,Route3_Youngster_1_Rattata_1,Route3,Route3,Rattata,Quick Attack,Badge_2,,11
Route3_Youngster_1,Route3_Youngster_1_Rattata_1,Route3,Route3,Rattata,Bite,Badge_2,,11
Route3_Youngster_1,Route3_Youngster_1_Ekans_1,Route3,Route3,Ekans,Leer,Badge_2,,11
Route3_Youngster_1,Route3_Youngster_1_Ekans_1,Route3,Route3,Ekans,Poison Sting,Badge_2,,11
Route3_Lass_2,Route3_Lass_2_Rattata_1,Route3,Route3,Rattata,Tackle,Badge_2,,10
Route3_Lass_2,Route3_Lass_2_Rattata_1,Route3,Route3,Rattata,Tail Whip,Badge_2,,10
Route3_Lass_2,Route3_Lass_2_Rattata_1,Route3,Route3,Rattata,Quick Attack,Badge_2,,10
Route3_Lass_2,Route3_Lass_2_Rattata_1,Route3,Route3,Rattata,Bite,Badge_2,,10
Route3_Lass_2,Route3_Lass_2_Nidoran_m_1,Route3,Route3,Nidoran_m,Leer,Badge_2,,10
Route3_Lass_2,Route3_Lass_2_Nidoran_m_1,Route3,Route3,Nidoran_m,Tackle,Badge_2,,10
Route3_Lass_2,Route3_Lass_2_Nidoran_m_1,Route3,Route3,Nidoran_m,Poison Sting,Badge_2,,10
Route3_Lass_2,Route3_Lass_2_Nidoran_m_1,Route3,Route3,Nidoran_m,Horn Attack,Badge_2,,10
Route3_Bug_Catcher_3,Route3_Bug_Catcher_3_Metapod_1,Route3,Route3,Metapod,Tackle,Badge_2,,9
Route3_Bug_Catcher_3,Route3_Bug_Catcher_3_Metapod_1,Route3,Route3,Metapod,Harden,Badge_2,,9
Route3_Bug_Catcher_3,Route3_Bug_Catcher_3_Metapod_1,Route3,Route3,Metapod,String Shot,Badge_2,,9
Route3_Bug_Catcher_3,Route3_Bug_Catcher_3_Paras_1,Route3,Route3,Paras,Scratch,Badge_2,,9
Route3_Bug_Catcher_3,Route3_Bug_Catcher_3_Paras_1,Route3,Route3,Paras,Stun Spore,Badge_2,,9
Route3_Bug_Catcher_3,Route3_Bug_Catcher_3_Paras_1,Route3,Route3,Paras,Absorb,Badge_2,,9
Route3_Bug_Catcher_3,Route3_Bug_Catcher_3_Metapod_2,Route3,Route3,Metapod,Tackle,Badge_2,,9
Route3_Bug_Catcher_3,Route3_Bug_Catcher_3_Metapod_2,Route3,Route3,Metapod,Harden,Badge_2,,9
Route3_Bug_Catcher_3,Route3_Bug_Catcher_3_Metapod_2,Route3,Route3,Metapod,String Shot,Badge_2,,9
MtMoonB2F_Rocket_3,MtMoonB2F_Rocket_3_Rattata_1,MtMoonB2F,MtMoonB2F,Rattata,Tackle,Badge_2,,13
MtMoonB2F_Rocket_3,MtMoonB2F_Rocket_3_Rattata_1,MtMoonB2F,MtMoonB2F,Rattata,Tail Whip,Badge_2,,13
MtMoonB2F_Rocket_3,MtMoonB2F_Rocket_3_Rattata_1,MtMoonB2F,MtMoonB2F,Rattata,Quick Attack,Badge_2,,13
MtMoonB2F_Rocket_3,MtMoonB2F_Rocket_3_Rattata_1,MtMoonB2F,MtMoonB2F,Rattata,Bite,Badge_2,,13
MtMoonB2F_Rocket_3,MtMoonB2F_Rocket_3_Zubat_1,MtMoonB2F,MtMoonB2F,Zubat,Leech Life,Badge_2,,13
MtMoonB2F_Rocket_3,MtMoonB2F_Rocket_3_Zubat_1,MtMoonB2F,MtMoonB2F,Zubat,Supersonic,Badge_2,,13
MtMoonB2F_Rocket_3,MtMoonB2F_Rocket_3_Zubat_1,MtMoonB2F,MtMoonB2F,Zubat,Gust,Badge_2,,13
MtMoonB2F_Rocket_3,MtMoonB2F_Rocket_3_Zubat_1,MtMoonB2F,MtMoonB2F,Zubat,Bite,Badge_2,,13
MtMoonB2F_Fossil_Nerd,MtMoonB2F_Fossil_Nerd_Grimer_1,MtMoonB2F,MtMoonB2F,Grimer,Pound,Badge_2,,12
MtMoonB2F_Fossil_Nerd,MtMoonB2F_Fossil_Nerd_Grimer_1,MtMoonB2F,MtMoonB2F,Grimer,Disable,Badge_2,,12
MtMoonB2F_Fossil_Nerd,MtMoonB2F_Fossil_Nerd_Grimer_1,MtMoonB2F,MtMoonB2F,Grimer,Harden,Badge_2,,12
MtMoonB2F_Fossil_Nerd,MtMoonB2F_Fossil_Nerd_Voltorb_1,MtMoonB2F,MtMoonB2F,Voltorb,Tackle,Badge_2,,12
MtMoonB2F_Fossil_Nerd,MtMoonB2F_Fossil_Nerd_Voltorb_1,MtMoonB2F,MtMoonB2F,Voltorb,Screech,Badge_2,,12
MtMoonB2F_Fossil_Nerd,MtMoonB2F_Fossil_Nerd_Magnemite_1,MtMoonB2F,MtMoonB2F,Magnemite,Tackle,Badge_2,,12
MtMoonB2F_Fossil_Nerd,MtMoonB2F_Fossil_Nerd_Magnemite_1,MtMoonB2F,MtMoonB2F,Magnemite,Thundershock,Badge_2,,12
MtMoonB2F_Fossil_Nerd,MtMoonB2F_Fossil_Nerd_Magnemite_1,MtMoonB2F,MtMoonB2F,Magnemite,Supersonic,Badge_2,,12
Route24_Bug_Catcher_1,Route24_Bug_Catcher_1_Butterfree_1,Route24,Route24,Butterfree,String Shot,Badge_2,,13
Route24_Bug_Catcher_1,Route24_Bug_Catcher_1_Butterfree_1,Route24,Route24,Butterfree,Confusion,Badge_2,,13
Route24_Bug_Catcher_1,Route24_Bug_Catcher_1_Butterfree_1,Route24,Route24,Butterfree,Leech Life,Badge_2,,13
Route24_Bug_Catcher_1,Route24_Bug_Catcher_1_Butterfree_1,Route24,Route24,Butterfree,Poisonpowder,Badge_2,,13
Route24_Bug_Catcher_1,Route24_Bug_Catcher_1_Beedrill_1,Route24,Route24,Beedrill,Harden,Badge_2,,13
Route24_Bug_Catcher_1,Route24_Bug_Catcher_1_Beedrill_1,Route24,Route24,Beedrill,Poison Sting,Badge_2,,13
Route24_Bug_Catcher_1,Route24_Bug_Catcher_1_Beedrill_1,Route24,Route24,Beedrill,Pin Missile,Badge_2,,13
Route24_Bug_Catcher_1,Route24_Bug_Catcher_1_Beedrill_1,Route24,Route24,Beedrill,Rage,Badge_2,,13
Route24_Lass_1,Route24_Lass_1_Jigglypuff_1,Route24,Route24,Jigglypuff,Sing,Badge_2,,15
Route24_Lass_1,Route24_Lass_1_Jigglypuff_1,Route24,Route24,Jigglypuff,Pound,Badge_2,,15
Route24_Lass_1,Route24_Lass_1_Jigglypuff_1,Route24,Route24,Jigglypuff,Defense Curl,Badge_2,,15
Route24_Lass_1,Route24_Lass_1_Jigglypuff_1,Route24,Route24,Jigglypuff,Disable,Badge_2,,15
Route24_Lass_1,Route24_Lass_1_Oddish_1,Route24,Route24,Oddish,Tackle,Badge_2,,15
Route24_Lass_1,Route24_Lass_1_Oddish_1,Route24,Route24,Oddish,Poisonpowder,Badge_2,,15
Route24_Lass_1,Route24_Lass_1_Oddish_1,Route24,Route24,Oddish,Leech Seed,Badge_2,,15
Route24_Lass_1,Route24_Lass_1_Oddish_1,Route24,Route24,Oddish,Absorb,Badge_2,,15
Route24_Youngster_1,Route24_Youngster_1_Rattata_1,Route24,Route24,Rattata,Tail Whip,Badge_2,,14
Route24_Youngster_1,Route24_Youngster_1_Rattata_1,Route24,Route24,Rattata,Quick Attack,Badge_2,,14
Route24_Youngster_1,Route24_Youngster_1_Rattata_1,Route24,Route24,Rattata,Bite,Badge_2,,14
Route24_Youngster_1,Route24_Youngster_1_Rattata_1,Route24,Route24,Rattata,Hyper Fang,Badge_2,,14
Route24_Youngster_1,Route24_Youngster_1_Ekans_1,Route24,Route24,Ekans,Leer,Badge_2,,14
Route24_Youngster_1,Route24_Youngster_1_Ekans_1,Route24,Route24,Ekans,Poison Sting,Badge_2,,14
Route24_Youngster_1,Route24_Youngster_1_Ekans_1,Route24,Route24,Ekans,Bite,Badge_2,,14
Route24_Youngster_1,Route24_Youngster_1_Zubat_1,Route24,Route24,Zubat,Leech Life,Badge_2,,14
Route24_Youngster_1,Route24_Youngster_1_Zubat_1,Route24,Route24,Zubat,Supersonic,Badge_2,,14
Route24_Youngster_1,Route24_Youngster_1_Zubat_1,Route24,Route24,Zubat,Gust,Badge_2,,14
Route24_Youngster_1,Route24_Youngster_1_Zubat_1,Route24,Route24,Zubat,Bite,Badge_2,,14
Route24_Lass_2,Route24_Lass_2_Pidgey_1,Route24,Route24,Pidgey,Gust,Badge_2,,16
Route24_Lass_2,Route24_Lass_2_Pidgey_1,Route24,Route24,Pidgey,Sand Attack,Badge_2,,16
Route24_Lass_2,Route24_Lass_2_Pidgey_1,Route24,Route24,Pidgey,Quick Attack,Badge_2,,16
Route24_Lass_2,Route24_Lass_2_Nidoran_f_1,Route24,Route24,Nidoran_f,Tackle,Badge_2,,16
Route24_Lass_2,Route24_Lass_2_Nidoran_f_1,Route24,Route24,Nidoran_f,Poison Sting,Badge_2,,16
Route24_Lass_2,Route24_Lass_2_Nidoran_f_1,Route24,Route24,Nidoran_f,Bite,Badge_2,,16
Route24_Lass_2,Route24_Lass_2_Nidoran_f_1,Route24,Route24,Nidoran_f,Double Kick,Badge_2,,16
Route24_Jr._Trainer_1,Route24_Jr._Trainer_1_Mankey_1,Route24,Route24,Mankey,Scratch,Badge_2,,18
Route24_Jr._Trainer_1,Route24_Jr._Trainer_1_Mankey_1,Route24,Route24,Mankey,Leer,Badge_2,,18
Route24_Jr._Trainer_1,Route24_Jr._Trainer_1_Mankey_1,Route24,Route24,Mankey,Low Kick,Badge_2,,18
Route24_Jr._Trainer_1,Route24_Jr._Trainer_1_Mankey_1,Route24,Route24,Mankey,Fury Swipes,Badge_2,,18
Route24_Nugget_Rocket,Route24_Nugget_Rocket_Ekans_1,Route24,Route24,Ekans,Leer,Badge_2,,15
Route24_Nugget_Rocket,Route24_Nugget_Rocket_Ekans_1,Route24,Route24,Ekans,Poison Sting,Badge_2,,15
Route24_Nugget_Rocket,Route24_Nugget_Rocket_Ekans_1,Route24,Route24,Ekans,Bite,Badge_2,,15
Route24_Nugget_Rocket,Route24_Nugget_Rocket_Ekans_1,Route24,Route24,Ekans,Acid,Badge_2,,15
Route24_Nugget_Rocket,Route24_Nugget_Rocket_Zubat_1,Route24,Route24,Zubat,Leech Life,Badge_2,,15
Route24_Nugget_Rocket,Route24_Nugget_Rocket_Zubat_1,Route24,Route24,Zubat,Supersonic,Badge_2,,15
Route24_Nugget_Rocket,Route24_Nugget_Rocket_Zubat_1,Route24,Route24,Zubat,Gust,Badge_2,,15
Route24_Nugget_Rocket,Route24_Nugget_Rocket_Zubat_1,Route24,Route24,Zubat,Bite,Badge_2,,15
Route25_Hiker_2,Route25_Hiker_2_Onix_1,Route25,Route25,Onix,Tackle,Badge_2,,18
Route25_Hiker_2,Route25_Hiker_2_Onix_1,Route25,Route25,Onix,Screech,Badge_2,,18
Route25_Hiker_2,Route25_Hiker_2_Onix_1,Route25,Route25,Onix,Rock Throw,Badge_2,,18
Route25_Lass_1,Route25_Lass_1_Wigglytuff_1,Route25,Route25,Wigglytuff,Doubleslap,Badge_2,,16
Route25_Lass_1,Route25_Lass_1_Wigglytuff_1,Route25,Route25,Wigglytuff,Pound,Badge_2,,16
Route25_Lass_1,Route25_Lass_1_Wigglytuff_1,Route25,Route25,Wigglytuff,Defense Curl,Badge_2,,16
Route25_Lass_1,Route25_Lass_1_Wigglytuff_1,Route25,Route25,Wigglytuff,Disable,Badge_2,,16
CeruleanCity_Rocket_1,CeruleanCity_Rocket_1_Machop_1,CeruleanCity,Route25,Machop,Low Kick,Badge_2,,17
CeruleanCity_Rocket_1,CeruleanCity_Rocket_1_Machop_1,CeruleanCity,Route25,Machop,Leer,Badge_2,,17
CeruleanCity_Rocket_1,CeruleanCity_Rocket_1_Machop_1,CeruleanCity,Route25,Machop,Focus Energy,Badge_2,,17
CeruleanCity_Rocket_1,CeruleanCity_Rocket_1_Drowzee_1,CeruleanCity,Route25,Drowzee,Pound,Badge_2,,17
CeruleanCity_Rocket_1,CeruleanCity_Rocket_1_Drowzee_1,CeruleanCity,Route25,Drowzee,Hypnosis,Badge_2,,17
CeruleanCity_Rocket_1,CeruleanCity_Rocket_1_Drowzee_1,CeruleanCity,Route25,Drowzee,Disable,Badge_2,,17
CeruleanCity_Rocket_1,CeruleanCity_Rocket_1_Drowzee_1,CeruleanCity,Route25,Drowzee,Confusion,Badge_2,,17
CeruleanGym_Jr._Trainer_1,CeruleanGym_Jr._Trainer_1_Seel_1,CeruleanCity,Route25,Seel,Headbutt,Badge_2,,19
CeruleanGym_Jr._Trainer_1,CeruleanGym_Jr._Trainer_1_Seel_1,CeruleanCity,Route25,Seel,Growl,Badge_2,,19
CeruleanGym_Jr._Trainer_1,CeruleanGym_Jr._Trainer_1_Seel_1,CeruleanCity,Route25,Seel,Water Gun,Badge_2,,19
CeruleanGym_Jr._Trainer_1,CeruleanGym_Jr._Trainer_1_Seel_1,CeruleanCity,Route25,Seel,Aurora Beam,Badge_2,,19
Route6_Jr._Trainer_3,Route6_Jr._Trainer_3_Pidgey_1,Route6,Route6,Pidgey,Gust,Badge_3,,16
Route6_Jr._Trainer_3,Route6_Jr._Trainer_3_Pidgey_1,Route6,Route6,Pidgey,Sand Attack,Badge_3,,16
Route6_Jr._Trainer_3,Route6_Jr._Trainer_3_Pidgey_1,Route6,Route6,Pidgey,Quick Attack,Badge_3,,16
Route6_Jr._Trainer_3,Route6_Jr._Trainer_3_Spearow_1,Route6,Route6,Spearow,Growl,Badge_3,,16
Route6_Jr._Trainer_3,Route6_Jr._Trainer_3_Spearow_1,Route6,Route6,Spearow,Leer,Badge_3,,16
Route6_Jr._Trainer_3,Route6_Jr._Trainer_3_Spearow_1,Route6,Route6,Spearow,Fury Attack,Badge_3,,16
Route6_Jr._Trainer_3,Route6_Jr._Trainer_3_Spearow_1,Route6,Route6,Spearow,Focus Energy,Badge_3,,16
Route6_Jr._Trainer_3,Route6_Jr._Trainer_3_Pidgey_2,Route6,Route6,Pidgey,Gust,Badge_3,,16
Route6_Jr._Trainer_3,Route6_Jr._Trainer_3_Pidgey_2,Route6,Route6,Pidgey,Sand Attack,Badge_3,,16
Route6_Jr._Trainer_3,Route6_Jr._Trainer_3_Pidgey_2,Route6,Route6,Pidgey,Quick Attack,Badge_3,,16
Route6_Jr._Trainer_2,Route6_Jr._Trainer_2_Mankey_1,Route6,Route6,Mankey,Scratch,Badge_3,,17
Route6_Jr._Trainer_2,Route6_Jr._Trainer_2_Mankey_1,Route6,Route6,Mankey,Leer,Badge_3,,17
Route6_Jr._Trainer_2,Route6_Jr._Trainer_2_Mankey_1,Route6,Route6,Mankey,Low Kick,Badge_3,,17
Route6_Jr._Trainer_2,Route6_Jr._Trainer_2_Mankey_1,Route6,Route6,Mankey,Fury Swipes,Badge_3,,17
Route6_Jr._Trainer_2,Route6_Jr._Trainer_2_Raticate_1,Route6,Route6,Raticate,Tail Whip,Badge_3,,17
Route6_Jr._Trainer_2,Route6_Jr._Trainer_2_Raticate_1,Route6,Route6,Raticate,Quick Attack,Badge_3,,17
Route6_Jr._Trainer_2,Route6_Jr._Trainer_2_Raticate_1,Route6,Route6,Raticate,Bite,Badge_3,,17
Route6_Jr._Trainer_2,Route6_Jr._Trainer_2_Raticate_1,Route6,Route6,Raticate,Hyper Fang,Badge_3,,17
Route9_Jr._Trainer_1,Route9_Jr._Trainer_1_Oddish_1,Route9,Route9,Oddish,Leech Seed,Badge_4,,21
Route9_Jr._Trainer_1,Route9_Jr._Trainer_1_Oddish_1,Route9,Route9,Oddish,Absorb,Badge_4,,21
Route9_Jr._Trainer_1,Route9_Jr._Trainer_1_Oddish_1,Route9,Route9,Oddish,Stun Spore,Badge_4,,21
Route9_Jr._Trainer_1,Route9_Jr._Trainer_1_Oddish_1,Route9,Route9,Oddish,Acid,Badge_4,,21
Route9_Jr._Trainer_1,Route9_Jr._Trainer_1_Bellsprout_1,Route9,Route9,Bellsprout,Growth,Badge_4,,21
Route9_Jr._Trainer_1,Route9_Jr._Trainer_1_Bellsprout_1,Route9,Route9,Bellsprout,Vine Whip,Badge_4,,21
Route9_Jr._Trainer_1,Route9_Jr._Trainer_1_Bellsprout_1,Route9,Route9,Bellsprout,Poisonpowder,Badge_4,,21
Route9_Jr._Trainer_1,Route9_Jr._Trainer_1_Bellsprout_1,Route9,Route9,Bellsprout,Stun Spore,Badge_4,,21
Route9_Jr._Trainer_1,Route9_Jr._Trainer_1_Tangela_1,Route9,Route9,Tangela,Constrict,Badge_4,,21
Route9_Jr._Trainer_1,Route9_Jr._Trainer_1_Tangela_1,Route9,Route9,Tangela,Absorb,Badge_4,,21
Route9_Jr._Trainer_1,Route9_Jr._Trainer_1_Tangela_1,Route9,Route9,Tangela,Vine Whip,Badge_4,,21
Route9_Jr._Trainer_1,Route9_Jr._Trainer_1_Tangela_1,Route9,Route9,Tangela,Poisonpowder,Badge_4,,21
Route9_Jr._Trainer_1,Route9_Jr._Trainer_1_Pidgeotto_1,Route9,Route9,Pidgeotto,Sand Attack,Badge_4,,21
Route9_Jr._Trainer_1,Route9_Jr._Trainer_1_Pidgeotto_1,Route9,Route9,Pidgeotto,Quick Attack,Badge_4,,21
Route9_Jr._Trainer_1,Route9_Jr._Trainer_1_Pidgeotto_1,Route9,Route9,Pidgeotto,Wing Attack,Badge_4,,21
Route9_Jr._Trainer_1,Route9_Jr._Trainer_1_Pidgeotto_1,Route9,Route9,Pidgeotto,Whirlwind,Badge_4,,21
Route9_Bug_Catcher_1,Route9_Bug_Catcher_1_Butterfree_1,Route9,Route9,Butterfree,Poisonpowder,Badge_4,,21
Route9_Bug_Catcher_1,Route9_Bug_Catcher_1_Butterfree_1,Route9,Route9,Butterfree,Stun Spore,Badge_4,,21
Route9_Bug_Catcher_1,Route9_Bug_Catcher_1_Butterfree_1,Route9,Route9,Butterfree,Sleep Powder,Badge_4,,21
Route9_Bug_Catcher_1,Route9_Bug_Catcher_1_Butterfree_1,Route9,Route9,Butterfree,Supersonic,Badge_4,,21
Route9_Bug_Catcher_1,Route9_Bug_Catcher_1_Beedrill_1,Route9,Route9,Beedrill,Rage,Badge_4,,21
Route9_Bug_Catcher_1,Route9_Bug_Catcher_1_Beedrill_1,Route9,Route9,Beedrill,Focus Energy,Badge_4,,21
Route9_Bug_Catcher_1,Route9_Bug_Catcher_1_Beedrill_1,Route9,Route9,Beedrill,Fury Attack,Badge_4,,21
Route9_Bug_Catcher_1,Route9_Bug_Catcher_1_Beedrill_1,Route9,Route9,Beedrill,Acid,Badge_4,,21
Route9_Bug_Catcher_1,Route9_Bug_Catcher_1_Scyther_1,Route9,Route9,Scyther,Quick Attack,Badge_4,,21
Route9_Bug_Catcher_1,Route9_Bug_Catcher_1_Scyther_1,Route9,Route9,Scyther,Leer,Badge_4,,21
Route9_Bug_Catcher_1,Route9_Bug_Catcher_1_Scyther_1,Route9,Route9,Scyther,Focus Energy,Badge_4,,21
Route9_Bug_Catcher_1,Route9_Bug_Catcher_1_Scyther_1,Route9,Route9,Scyther,Cut,Badge_4,,21
RockTunnel1F_Pokemaniac_1,RockTunnel1F_Pokemaniac_1_Cubone_1,RockTunnel1F,RockTunnel1F,Cubone,Bone Club,Badge_4,,25
RockTunnel1F_Pokemaniac_1,RockTunnel1F_Pokemaniac_1_Cubone_1,RockTunnel1F,RockTunnel1F,Cubone,Tail Whip,Badge_4,,25
RockTunnel1F_Pokemaniac_1,RockTunnel1F_Pokemaniac_1_Cubone_1,RockTunnel1F,RockTunnel1F,Cubone,Headbutt,Badge_4,,25
RockTunnel1F_Pokemaniac_1,RockTunnel1F_Pokemaniac_1_Cubone_1,RockTunnel1F,RockTunnel1F,Cubone,Focus Energy,Badge_4,,25
RockTunnel1F_Pokemaniac_1,RockTunnel1F_Pokemaniac_1_Slowpoke_1,RockTunnel1F,RockTunnel1F,Slowpoke,Confusion,Badge_4,,25
RockTunnel1F_Pokemaniac_1,RockTunnel1F_Pokemaniac_1_Slowpoke_1,RockTunnel1F,RockTunnel1F,Slowpoke,Disable,Badge_4,,25
RockTunnel1F_Pokemaniac_1,RockTunnel1F_Pokemaniac_1_Slowpoke_1,RockTunnel1F,RockTunnel1F,Slowpoke,Headbutt,Badge_4,,25
RockTunnel1F_Pokemaniac_1,RockTunnel1F_Pokemaniac_1_Slowpoke_1,RockTunnel1F,RockTunnel1F,Slowpoke,Psybeam,Badge_4,,25
RockTunnelB1F_Pokemaniac_2,RockTunnelB1F_Pokemaniac_2_Slowpoke_1,RockTunnelB1F,RockTunnelB1F,Slowpoke,Confusion,Badge_4,,25
RockTunnelB1F_Pokemaniac_2,RockTunnelB1F_Pokemaniac_2_Slowpoke_1,RockTunnelB1F,RockTunnelB1F,Slowpoke,Disable,Badge_4,,25
RockTunnelB1F_Pokemaniac_2,RockTunnelB1F_Pokemaniac_2_Slowpoke_1,RockTunnelB1F,RockTunnelB1F,Slowpoke,Headbutt,Badge_4,,25
RockTunnelB1F_Pokemaniac_2,RockTunnelB1F_Pokemaniac_2_Slowpoke_1,RockTunnelB1F,RockTunnelB1F,Slowpoke,Psybeam,Badge_4,,25
RockTunnelB1F_Jr._Trainer_1,RockTunnelB1F_Jr._Trainer_1_Gloom_1,RockTunnelB1F,RockTunnelB1F,Gloom,Poisonpowder,Badge_4,,24
RockTunnelB1F_Jr._Trainer_1,RockTunnelB1F_Jr._Trainer_1_Gloom_1,RockTunnelB1F,RockTunnelB1F,Gloom,Leech Seed,Badge_4,,24
RockTunnelB1F_Jr._Trainer_1,RockTunnelB1F_Jr._Trainer_1_Gloom_1,RockTunnelB1F,RockTunnelB1F,Gloom,Absorb,Badge_4,,24
RockTunnelB1F_Jr._Trainer_1,RockTunnelB1F_Jr._Trainer_1_Gloom_1,RockTunnelB1F,RockTunnelB1F,Gloom,Acid,Badge_4,,24
RockTunnelB1F_Jr._Trainer_1,RockTunnelB1F_Jr._Trainer_1_Ivysaur_1,RockTunnelB1F,RockTunnelB1F,Ivysaur,Leech Seed,Badge_4,,24
RockTunnelB1F_Jr._Trainer_1,RockTunnelB1F_Jr._Trainer_1_Ivysaur_1,RockTunnelB1F,RockTunnelB1F,Ivysaur,Vine Whip,Badge_4,,24
RockTunnelB1F_Jr._Trainer_1,RockTunnelB1F_Jr._Trainer_1_Ivysaur_1,RockTunnelB1F,RockTunnelB1F,Ivysaur,Acid,Badge_4,,24
RockTunnelB1F_Jr._Trainer_1,RockTunnelB1F_Jr._Trainer_1_Ivysaur_1,RockTunnelB1F,RockTunnelB1F,Ivysaur,Poisonpowder,Badge_4,,24
RockTunnelB1F_Hiker_6,RockTunnelB1F_Hiker_6_Geodude_1,RockTunnelB1F,RockTunnelB1F,Geodude,Tackle,Badge_4,,24
RockTunnelB1F_Hiker_6,RockTunnelB1F_Hiker_6_Geodude_1,RockTunnelB1F,RockTunnelB1F,Geodude,Defense Curl,Badge_4,,24
RockTunnelB1F_Hiker_6,RockTunnelB1F_Hiker_6_Geodude_1,RockTunnelB1F,RockTunnelB1F,Geodude,Rock Throw,Badge_4,,24
RockTunnelB1F_Hiker_6,RockTunnelB1F_Hiker_6_Geodude_1,RockTunnelB1F,RockTunnelB1F,Geodude,Dig,Badge_4,,24
RockTunnelB1F_Hiker_6,RockTunnelB1F_Hiker_6_Geodude_2,RockTunnelB1F,RockTunnelB1F,Geodude,Tackle,Badge_4,,24
RockTunnelB1F_Hiker_6,RockTunnelB1F_Hiker_6_Geodude_2,RockTunnelB1F,RockTunnelB1F,Geodude,Defense Curl,Badge_4,,24
RockTunnelB1F_Hiker_6,RockTunnelB1F_Hiker_6_Geodude_2,RockTunnelB1F,RockTunnelB1F,Geodude,Rock Throw,Badge_4,,24
RockTunnelB1F_Hiker_6,RockTunnelB1F_Hiker_6_Geodude_2,RockTunnelB1F,RockTunnelB1F,Geodude,Dig,Badge_4,,24
RockTunnelB1F_Hiker_6,RockTunnelB1F_Hiker_6_Graveler_1,RockTunnelB1F,RockTunnelB1F,Graveler,Tackle,Badge_4,,24
RockTunnelB1F_Hiker_6,RockTunnelB1F_Hiker_6_Graveler_1,RockTunnelB1F,RockTunnelB1F,Graveler,Defense Curl,Badge_4,,24
RockTunnelB1F_Hiker_6,RockTunnelB1F_Hiker_6_Graveler_1,RockTunnelB1F,RockTunnelB1F,Graveler,Rock Throw,Badge_4,,24
RockTunnelB1F_Hiker_6,RockTunnelB1F_Hiker_6_Graveler_1,RockTunnelB1F,RockTunnelB1F,Graveler,Dig,Badge_4,,24
RockTunnel1F_Jr._Trainer_6,RockTunnel1F_Jr._Trainer_6_Meowth_1,RockTunnel1F,RockTunnel1F,Meowth,Fury Swipes,Badge_4,,23
RockTunnel1F_Jr._Trainer_6,RockTunnel1F_Jr._Trainer_6_Meowth_1,RockTunnel1F,RockTunnel1F,Meowth,Bite,Badge_4,,23
RockTunnel1F_Jr._Trainer_6,RockTunnel1F_Jr._Trainer_6_Meowth_1,RockTunnel1F,RockTunnel1F,Meowth,Pay Day,Badge_4,,23
RockTunnel1F_Jr._Trainer_6,RockTunnel1F_Jr._Trainer_6_Meowth_1,RockTunnel1F,RockTunnel1F,Meowth,Screech,Badge_4,,23
RockTunnel1F_Jr._Trainer_6,RockTunnel1F_Jr._Trainer_6_Wartortle_1,RockTunnel1F,RockTunnel1F,Wartortle,Bubble,Badge_4,,23
RockTunnel1F_Jr._Trainer_6,RockTunnel1F_Jr._Trainer_6_Wartortle_1,RockTunnel1F,RockTunnel1F,Wartortle,Water Gun,Badge_4,,23
RockTunnel1F_Jr._Trainer_6,RockTunnel1F_Jr._Trainer_6_Wartortle_1,RockTunnel1F,RockTunnel1F,Wartortle,Bite,Badge_4,,23
RockTunnel1F_Jr._Trainer_6,RockTunnel1F_Jr._Trainer_6_Wartortle_1,RockTunnel1F,RockTunnel1F,Wartortle,Bubblebeam,Badge_4,,23
RockTunnel1F_Jr._Trainer_6,RockTunnel1F_Jr._Trainer_6_Fearow_1,RockTunnel1F,RockTunnel1F,Fearow,Fury Attack,Badge_4,,23
RockTunnel1F_Jr._Trainer_6,RockTunnel1F_Jr._Trainer_6_Fearow_1,RockTunnel1F,RockTunnel1F,Fearow,Focus Energy,Badge_4,,23
RockTunnel1F_Jr._Trainer_6,RockTunnel1F_Jr._Trainer_6_Fearow_1,RockTunnel1F,RockTunnel1F,Fearow,Swift,Badge_4,,23
RockTunnel1F_Jr._Trainer_6,RockTunnel1F_Jr._Trainer_6_Fearow_1,RockTunnel1F,RockTunnel1F,Fearow,Mirror Move,Badge_4,,23
Route8_Gambler_1,Route8_Gambler_1_Growlithe_1,Route8,Route8,Growlithe,Bite,Badge_4,,27
Route8_Gambler_1,Route8_Gambler_1_Growlithe_1,Route8,Route8,Growlithe,Roar,Badge_4,,27
Route8_Gambler_1,Route8_Gambler_1_Growlithe_1,Route8,Route8,Growlithe,Ember,Badge_4,,27
Route8_Gambler_1,Route8_Gambler_1_Growlithe_1,Route8,Route8,Growlithe,Leer,Badge_4,,27
Route8_Gambler_1,Route8_Gambler_1_Vulpix_1,Route8,Route8,Vulpix,Quick Attack,Badge_4,,27
Route8_Gambler_1,Route8_Gambler_1_Vulpix_1,Route8,Route8,Vulpix,Roar,Badge_4,,27
Route8_Gambler_1,Route8_Gambler_1_Vulpix_1,Route8,Route8,Vulpix,Confuse Ray,Badge_4,,27
Route8_Gambler_1,Route8_Gambler_1_Vulpix_1,Route8,Route8,Vulpix,Reflect,Badge_4,,27
CeladonGym_Beauty_3,CeladonGym_Beauty_3_Victreebel_1,CeladonGym,Route7,Victreebel,Stun Spore,Badge_4,,32
CeladonGym_Beauty_3,CeladonGym_Beauty_3_Victreebel_1,CeladonGym,Route7,Victreebel,Acid,Badge_4,,32
CeladonGym_Beauty_3,CeladonGym_Beauty_3_Victreebel_1,CeladonGym,Route7,Victreebel,Headbutt,Badge_4,,32
CeladonGym_Beauty_3,CeladonGym_Beauty_3_Victreebel_1,CeladonGym,Route7,Victreebel,Razor Leaf,Badge_4,,32
CeladonCity_Rocket_1,CeladonCity_Rocket_1_Raticate_1,CeladonCity,Route7,Raticate,Quick Attack,Badge_4,,23
CeladonCity_Rocket_1,CeladonCity_Rocket_1_Raticate_1,CeladonCity,Route7,Raticate,Bite,Badge_4,,23
CeladonCity_Rocket_1,CeladonCity_Rocket_1_Raticate_1,CeladonCity,Route7,Raticate,Hyper Fang,Badge_4,,23
CeladonCity_Rocket_1,CeladonCity_Rocket_1_Raticate_1,CeladonCity,Route7,Raticate,Focus Energy,Badge_4,,23
CeladonCity_Rocket_1,CeladonCity_Rocket_1_Golbat_1,CeladonCity,Route7,Golbat,Gust,Badge_4,,23
CeladonCity_Rocket_1,CeladonCity_Rocket_1_Golbat_1,CeladonCity,Route7,Golbat,Bite,Badge_4,,23
CeladonCity_Rocket_1,CeladonCity_Rocket_1_Golbat_1,CeladonCity,Route7,Golbat,Confuse Ray,Badge_4,,23
CeladonCity_Rocket_1,CeladonCity_Rocket_1_Golbat_1,CeladonCity,Route7,Golbat,Wing Attack,Badge_4,,23
RocketHideoutB4F_Rocket_6,RocketHideoutB4F_Rocket_6_Koffing_1,RocketHideoutB4F,Route7,Koffing,Tackle,Badge_4,,26
RocketHideoutB4F_Rocket_6,RocketHideoutB4F_Rocket_6_Koffing_1,RocketHideoutB4F,Route7,Koffing,Smog,Badge_4,,26
RocketHideoutB4F_Rocket_6,RocketHideoutB4F_Rocket_6_Koffing_1,RocketHideoutB4F,Route7,Koffing,Acid,Badge_4,,26
RocketHideoutB4F_Rocket_6,RocketHideoutB4F_Rocket_6_Golbat_1,RocketHideoutB4F,Route7,Golbat,Gust,Badge_4,,26
RocketHideoutB4F_Rocket_6,RocketHideoutB4F_Rocket_6_Golbat_1,RocketHideoutB4F,Route7,Golbat,Bite,Badge_4,,26
RocketHideoutB4F_Rocket_6,RocketHideoutB4F_Rocket_6_Golbat_1,RocketHideoutB4F,Route7,Golbat,Confuse Ray,Badge_4,,26
RocketHideoutB4F_Rocket_6,RocketHideoutB4F_Rocket_6_Golbat_1,RocketHideoutB4F,Route7,Golbat,Wing Attack,Badge_4,,26
PokemonTower4F_Channeler_1,PokemonTower4F_Channeler_1_Gastly_1,PokemonTower4F,PokemonTower4F,Gastly,Confuse Ray,Badge_5,,28
PokemonTower4F_Channeler_1,PokemonTower4F_Channeler_1_Gastly_1,PokemonTower4F,PokemonTower4F,Gastly,Smog,Badge_5,,28
PokemonTower4F_Channeler_1,PokemonTower4F_Channeler_1_Gastly_1,PokemonTower4F,PokemonTower4F,Gastly,Psywave,Badge_5,,28
PokemonTower4F_Channeler_1,PokemonTower4F_Channeler_1_Gastly_1,PokemonTower4F,PokemonTower4F,Gastly,Poison Gas,Badge_5,,28
PokemonTower4F_Channeler_1,PokemonTower4F_Channeler_1_Drowzee_1,PokemonTower4F,PokemonTower4F,Drowzee,Hypnosis,Badge_5,,28
PokemonTower4F_Channeler_1,PokemonTower4F_Channeler_1_Drowzee_1,PokemonTower4F,PokemonTower4F,Drowzee,Disable,Badge_5,,28
PokemonTower4F_Channeler_1,PokemonTower4F_Channeler_1_Drowzee_1,PokemonTower4F,PokemonTower4F,Drowzee,Confusion,Badge_5,,28
PokemonTower4F_Channeler_1,PokemonTower4F_Channeler_1_Drowzee_1,PokemonTower4F,PokemonTower4F,Drowzee,Headbutt,Badge_5,,28
PokemonTower5F_Channeler_7,PokemonTower5F_Channeler_7_Gastly_1,PokemonTower5F,PokemonTower5F,Gastly,Confuse Ray,Badge_5,,30
PokemonTower5F_Channeler_7,PokemonTower5F_Channeler_7_Gastly_1,PokemonTower5F,PokemonTower5F,Gastly,Smog,Badge_5,,30
PokemonTower5F_Channeler_7,PokemonTower5F_Channeler_7_Gastly_1,PokemonTower5F,PokemonTower5F,Gastly,Psywave,Badge_5,,30
PokemonTower5F_Channeler_7,PokemonTower5F_Channeler_7_Gastly_1,PokemonTower5F,PokemonTower5F,Gastly,Poison Gas,Badge_5,,30
PokemonTower5F_Channeler_7,PokemonTower5F_Channeler_7_Ninetales_1,PokemonTower5F,PokemonTower5F,Ninetales,Quick Attack,Badge_5,,30
PokemonTower5F_Channeler_7,PokemonTower5F_Channeler_7_Ninetales_1,PokemonTower5F,PokemonTower5F,Ninetales,Roar,Badge_5,,30
PokemonTower5F_Channeler_7,PokemonTower5F_Channeler_7_Ninetales_1,PokemonTower5F,PokemonTower5F,Ninetales,Confuse Ray,Badge_5,,30
PokemonTower5F_Channeler_7,PokemonTower5F_Channeler_7_Ninetales_1,PokemonTower5F,PokemonTower5F,Ninetales,Reflect,Badge_5,,30
PokemonTower6F_Channeler_12,PokemonTower6F_Channeler_12_Hypno_1,PokemonTower6F,PokemonTower6F,Hypno,Confusion,Badge_5,,33
PokemonTower6F_Channeler_12,PokemonTower6F_Channeler_12_Hypno_1,PokemonTower6F,PokemonTower6F,Hypno,Headbutt,Badge_5,,33
PokemonTower6F_Channeler_12,PokemonTower6F_Channeler_12_Hypno_1,PokemonTower6F,PokemonTower6F,Hypno,Poison Gas,Badge_5,,33
PokemonTower6F_Channeler_12,PokemonTower6F_Channeler_12_Hypno_1,PokemonTower6F,PokemonTower6F,Hypno,Psychic,Badge_5,,33
PokemonTower6F_Channeler_12,PokemonTower6F_Channeler_12_Haunter_1,PokemonTower6F,PokemonTower6F,Haunter,Lick,Badge_5,,33
PokemonTower6F_Channeler_12,PokemonTower6F_Channeler_12_Haunter_1,PokemonTower6F,PokemonTower6F,Haunter,Confuse Ray,Badge_5,,33
PokemonTower6F_Channeler_12,PokemonTower6F_Channeler_12_Haunter_1,PokemonTower6F,PokemonTower6F,Haunter,Smog,Badge_5,,33
PokemonTower6F_Channeler_12,PokemonTower6F_Channeler_12_Haunter_1,PokemonTower6F,PokemonTower6F,Haunter,Psywave,Badge_5,,33
PokemonTower6F_Channeler_12,PokemonTower6F_Channeler_12_Ninetales_1,PokemonTower6F,PokemonTower6F,Ninetales,Roar,Badge_5,,33
PokemonTower6F_Channeler_12,PokemonTower6F_Channeler_12_Ninetales_1,PokemonTower6F,PokemonTower6F,Ninetales,Confuse Ray,Badge_5,,33
PokemonTower6F_Channeler_12,PokemonTower6F_Channeler_12_Ninetales_1,PokemonTower6F,PokemonTower6F,Ninetales,Reflect,Badge_5,,33
PokemonTower6F_Channeler_12,PokemonTower6F_Channeler_12_Ninetales_1,PokemonTower6F,PokemonTower6F,Ninetales,Flamethrower,Badge_5,,33
PokemonTower6F_Channeler_13,PokemonTower6F_Channeler_13_Haunter_1,PokemonTower6F,PokemonTower6F,Haunter,Lick,Badge_5,,35
PokemonTower6F_Channeler_13,PokemonTower6F_Channeler_13_Haunter_1,PokemonTower6F,PokemonTower6F,Haunter,Confuse Ray,Badge_5,,35
PokemonTower6F_Channeler_13,PokemonTower6F_Channeler_13_Haunter_1,PokemonTower6F,PokemonTower6F,Haunter,Smog,Badge_5,,35
PokemonTower6F_Channeler_13,PokemonTower6F_Channeler_13_Haunter_1,PokemonTower6F,PokemonTower6F,Haunter,Psywave,Badge_5,,35
FuchsiaGym_Juggler_2,FuchsiaGym_Juggler_2_Beedrill_1,FuchsiaGym,Route12,Beedrill,Fury Attack,Badge_5,,34
FuchsiaGym_Juggler_2,FuchsiaGym_Juggler_2_Beedrill_1,FuchsiaGym,Route12,Beedrill,Acid,Badge_5,,34
FuchsiaGym_Juggler_2,FuchsiaGym_Juggler_2_Beedrill_1,FuchsiaGym,Route12,Beedrill,Twineedle,Badge_5,,34
FuchsiaGym_Juggler_2,FuchsiaGym_Juggler_2_Beedrill_1,FuchsiaGym,Route12,Beedrill,Sludge,Badge_5,,34
FuchsiaGym_Juggler_2,FuchsiaGym_Juggler_2_Nidoking_1,FuchsiaGym,Route12,Nidoking,Horn Attack,Badge_5,,34
FuchsiaGym_Juggler_2,FuchsiaGym_Juggler_2_Nidoking_1,FuchsiaGym,Route12,Nidoking,Double Kick,Badge_5,,34
FuchsiaGym_Juggler_2,FuchsiaGym_Juggler_2_Nidoking_1,FuchsiaGym,Route12,Nidoking,Focus Energy,Badge_5,,34
FuchsiaGym_Juggler_2,FuchsiaGym_Juggler_2_Nidoking_1,FuchsiaGym,Route12,Nidoking,Sludge,Badge_5,,34
FuchsiaGym_Juggler_2,FuchsiaGym_Juggler_2_Golbat_1,FuchsiaGym,Route12,Golbat,Bite,Badge_5,,34
FuchsiaGym_Juggler_2,FuchsiaGym_Juggler_2_Golbat_1,FuchsiaGym,Route12,Golbat,Confuse Ray,Badge_5,,34
FuchsiaGym_Juggler_2,FuchsiaGym_Juggler_2_Golbat_1,FuchsiaGym,Route12,Golbat,Wing Attack,Badge_5,,34
FuchsiaGym_Juggler_2,FuchsiaGym_Juggler_2_Golbat_1,FuchsiaGym,Route12,Golbat,Acid,Badge_5,,34
FuchsiaGym_Juggler_2,FuchsiaGym_Juggler_2_Haunter_1,FuchsiaGym,Route12,Haunter,Lick,Badge_5,,34
FuchsiaGym_Juggler_2,FuchsiaGym_Juggler_2_Haunter_1,FuchsiaGym,Route12,Haunter,Confuse Ray,Badge_5,,34
FuchsiaGym_Juggler_2,FuchsiaGym_Juggler_2_Haunter_1,FuchsiaGym,Route12,Haunter,Smog,Badge_5,,34
FuchsiaGym_Juggler_2,FuchsiaGym_Juggler_2_Haunter_1,FuchsiaGym,Route12,Haunter,Psywave,Badge_5,,34
FuchsiaGym_Juggler_3,FuchsiaGym_Juggler_3_Tentacruel_1,FuchsiaGym,Route12,Tentacruel,Acid,Badge_5,,37
FuchsiaGym_Juggler_3,FuchsiaGym_Juggler_3_Tentacruel_1,FuchsiaGym,Route12,Tentacruel,Bubblebeam,Badge_5,,37
FuchsiaGym_Juggler_3,FuchsiaGym_Juggler_3_Tentacruel_1,FuchsiaGym,Route12,Tentacruel,Constrict,Badge_5,,37
FuchsiaGym_Juggler_3,FuchsiaGym_Juggler_3_Tentacruel_1,FuchsiaGym,Route12,Tentacruel,Barrier,Badge_5,,37
FuchsiaGym_Juggler_3,FuchsiaGym_Juggler_3_Muk_1,FuchsiaGym,Route12,Muk,Acid Armor,Badge_5,,37
FuchsiaGym_Juggler_3,FuchsiaGym_Juggler_3_Muk_1,FuchsiaGym,Route12,Muk,Minimize,Badge_5,,37
FuchsiaGym_Juggler_3,FuchsiaGym_Juggler_3_Muk_1,FuchsiaGym,Route12,Muk,Sludge,Badge_5,,37
FuchsiaGym_Juggler_3,FuchsiaGym_Juggler_3_Muk_1,FuchsiaGym,Route12,Muk,Body Slam,Badge_5,,37
SilphCo_Rocket_7,SilphCo_Rocket_7_Tauros_1,SilphCo,SaffronCity,Tauros,Tail Whip,Badge_6,,40
SilphCo_Rocket_7,SilphCo_Rocket_7_Tauros_1,SilphCo,SaffronCity,Tauros,Headbutt,Badge_6,,40
SilphCo_Rocket_7,SilphCo_Rocket_7_Tauros_1,SilphCo,SaffronCity,Tauros,Rage,Badge_6,,40
SilphCo_Rocket_7,SilphCo_Rocket_7_Tauros_1,SilphCo,SaffronCity,Tauros,Take Down,Badge_6,,40
ViridianGym_Cooltrainer_2,ViridianGym_Cooltrainer_2_Golem_1,ViridianGym,PowerPlant,Golem,Selfdestruct,Badge_8,,51
ViridianGym_Cooltrainer_2,ViridianGym_Cooltrainer_2_Golem_1,ViridianGym,PowerPlant,Golem,Rock Slide,Badge_8,,51
ViridianGym_Cooltrainer_2,ViridianGym_Cooltrainer_2_Golem_1,ViridianGym,PowerPlant,Golem,Earthquake,Badge_8,,51
ViridianGym_Cooltrainer_2,ViridianGym_Cooltrainer_2_Golem_1,ViridianGym,PowerPlant,Golem,Explosion,Badge_8,,51
ViridianGym_Cooltrainer_2,ViridianGym_Cooltrainer_2_Electrode_1,ViridianGym,PowerPlant,Electrode,Light Screen,Badge_8,,51
ViridianGym_Cooltrainer_2,ViridianGym_Cooltrainer_2_Electrode_1,ViridianGym,PowerPlant,Electrode,Thunderbolt,Badge_8,,51
ViridianGym_Cooltrainer_2,ViridianGym_Cooltrainer_2_Electrode_1,ViridianGym,PowerPlant,Electrode,Explosion,Badge_8,,51
ViridianGym_Cooltrainer_2,ViridianGym_Cooltrainer_2_Electrode_1,ViridianGym,PowerPlant,Electrode,Thunder,Badge_8,,51
ViridianGym_Cooltrainer_2,ViridianGym_Cooltrainer_2_Victreebel_1,ViridianGym,PowerPlant,Victreebel,Razor Leaf,Badge_8,,51
ViridianGym_Cooltrainer_2,ViridianGym_Cooltrainer_2_Victreebel_1,ViridianGym,PowerPlant,Victreebel,Sludge,Badge_8,,51
ViridianGym_Cooltrainer_2,ViridianGym_Cooltrainer_2_Victreebel_1,ViridianGym,PowerPlant,Victreebel,Wrap,Badge_8,,51
ViridianGym_Cooltrainer_2,ViridianGym_Cooltrainer_2_Victreebel_1,ViridianGym,PowerPlant,Victreebel,Sleep Powder,Badge_8,,51
ViridianGym_Black_Belt_2,ViridianGym_Black_Belt_2_Hitmonlee_1,ViridianGym,PowerPlant,Hitmonlee,Focus Energy,Badge_8,,51
ViridianGym_Black_Belt_2,ViridianGym_Black_Belt_2_Hitmonlee_1,ViridianGym,PowerPlant,Hitmonlee,Rolling Kick,Badge_8,,51
ViridianGym_Black_Belt_2,ViridianGym_Black_Belt_2_Hitmonlee_1,ViridianGym,PowerPlant,Hitmonlee,Jump Kick,Badge_8,,51
ViridianGym_Black_Belt_2,ViridianGym_Black_Belt_2_Hitmonlee_1,ViridianGym,PowerPlant,Hitmonlee,Hi Jump Kick,Badge_8,,51
ViridianGym_Black_Belt_2,ViridianGym_Black_Belt_2_Hitmonchan_1,ViridianGym,PowerPlant,Hitmonchan,Thunderpunch,Badge_8,,51
ViridianGym_Black_Belt_2,ViridianGym_Black_Belt_2_Hitmonchan_1,ViridianGym,PowerPlant,Hitmonchan,Dizzy Punch,Badge_8,,51
ViridianGym_Black_Belt_2,ViridianGym_Black_Belt_2_Hitmonchan_1,ViridianGym,PowerPlant,Hitmonchan,Submission,Badge_8,,51
ViridianGym_Black_Belt_2,ViridianGym_Black_Belt_2_Hitmonchan_1,ViridianGym,PowerPlant,Hitmonchan,Mega Punch,Badge_8,,51
ViridianGym_Black_Belt_2,ViridianGym_Black_Belt_2_Machoke_1,ViridianGym,PowerPlant,Machoke,Submission,Badge_8,,51
ViridianGym_Black_Belt_2,ViridianGym_Black_Belt_2_Machoke_1,ViridianGym,PowerPlant,Machoke,Body Slam,Badge_8,,51
ViridianGym_Black_Belt_2,ViridianGym_Black_Belt_2_Machoke_1,ViridianGym,PowerPlant,Machoke,Counter,Badge_8,,51
ViridianGym_Black_Belt_2,ViridianGym_Black_Belt_2_Machoke_1,ViridianGym,PowerPlant,Machoke,Karate Chop,Badge_8,,51
